{
  "none": {
    "$type": "dimension",
    "$value": "0px",
    "$description": "для элементов без скруглений"
  },
  "XS": {
    "$type": "dimension",
    "$value": "4px",
    "$description": "самый маленький радиус скругления элементов"
  },
  "S": {
    "$type": "dimension",
    "$value": "8px",
    "$description": "стандартный радиус скругления элементов"
  },
  "M": {
    "$type": "dimension",
    "$value": "12px",
    "$description": "увеличенный радиус скругления элементов"
  },
  "L": {
    "$type": "dimension",
    "$value": "16px",
    "$description": "радиус скругления крупных элементов"
  },
  "XL": {
    "$type": "dimension",
    "$value": "20px",
    "$description": "радиус скругления крупных элементов"
  },
  "XXL": {
    "$type": "dimension",
    "$value": "24px",
    "$description": "радиус скругления массивных элементов (bottom sheets, значки приложений)"
  },
  "XXXL": {
    "$type": "dimension",
    "$value": "32px",
    "$description": "радиус скругления значков приложений"
  },
  "XL4": {
    "$type": "dimension",
    "$value": "48px",
    "$description": "радиус скругления значков приложений"
  },
  "pill": {
    "$type": "dimension",
    "$value": "999px",
    "$description": "для элементов, имеющих форму пилюли, и круглых элементов (аватары, значки уведомлений и т.д.)"
  }
}