{
  "core": {
    "background": {
      "primary": {
        "$type": "color",
        "$value": "{rp.gray.040}"
      },
      "secondary": {
        "$type": "color",
        "$value": "{rp.white.white}"
      }
    },
    "surface": {
      "primary": {
        "$type": "color",
        "$value": "{rp.white.white}"
      },
      "secondary": {
        "$type": "color",
        "$value": "{rp.gray.020}"
      },
      "tertiary": {
        "$type": "color",
        "$value": "{rp.gray.050}"
      },
      "constant": {
        "$type": "color",
        "$value": "{rp.white.white}"
      },
      "accent": {
        "$type": "color",
        "$value": "{rp.blue.blue}"
      },
      "accentSubdued": {
        "$type": "color",
        "$value": "{rp.blue.light-blue-2}"
      },
      "positive": {
        "$type": "color",
        "$value": "{rp.green.green}"
      },
      "positiveSubdued": {
        "$type": "color",
        "$value": "{rp.green.light-green}"
      },
      "warning": {
        "$type": "color",
        "$value": "{rp.yellow.yellow}"
      },
      "warningSubdued": {
        "$type": "color",
        "$value": "{rp.yellow.light-yellow-3}"
      },
      "negative": {
        "$type": "color",
        "$value": "{rp.red.red}"
      },
      "negativeSubdued": {
        "$type": "color",
        "$value": "{rp.red.light-red-2}"
      },
      "input": {
        "$type": "color",
        "$value": "{rp.gray.040}"
      }
    },
    "text": {
      "primary": {
        "$type": "color",
        "$value": "{rp.black.100}"
      },
      "secondary": {
        "$type": "color",
        "$value": "{rp.gray.500}"
      },
      "tertiary": {
        "$type": "color",
        "$value": "{rp.gray.300}"
      },
      "quaternaryConstant": {
        "$type": "color",
        "$value": "{rp.white.white}"
      },
      "quaternaryConstantInverse": {
        "$type": "color",
        "$value": "#000000"
      },
      "link": {
        "$type": "color",
        "$value": "{rp.blue.blue}"
      },
      "linkVisited": {
        "$type": "color",
        "$value": "#7436da"
      },
      "accent": {
        "$type": "color",
        "$value": "{rp.blue.blue}"
      },
      "positive": {
        "$type": "color",
        "$value": "{rp.green.green}"
      },
      "warning": {
        "$type": "color",
        "$value": "{rp.yellow.yellow}"
      },
      "negative": {
        "$type": "color",
        "$value": "{rp.red.red}"
      }
    },
    "icon": {
      "primary": {
        "$type": "color",
        "$value": "{rp.black.100}"
      },
      "secondary": {
        "$type": "color",
        "$value": "{rp.gray.500}"
      },
      "tertiary": {
        "$type": "color",
        "$value": "{rp.gray.300}"
      },
      "quaternary": {
        "$type": "color",
        "$value": "{rp.gray.100}"
      },
      "constant": {
        "$type": "color",
        "$value": "{rp.white.white}"
      },
      "constantInverse": {
        "$type": "color",
        "$value": "#000000"
      },
      "accent": {
        "$type": "color",
        "$value": "{rp.blue.blue}"
      },
      "positive": {
        "$type": "color",
        "$value": "{rp.green.green}"
      },
      "warning": {
        "$type": "color",
        "$value": "{rp.yellow.yellow}"
      },
      "negative": {
        "$type": "color",
        "$value": "{rp.red.red}"
      }
    },
    "stroke": {
      "primary": {
        "$type": "color",
        "$value": "{rp.gray.100}"
      },
      "secondary": {
        "$type": "color",
        "$value": "{rp.gray.050}"
      },
      "tertiary": {
        "$type": "color",
        "$value": "{rp.white.white}"
      },
      "accent": {
        "$type": "color",
        "$value": "{rp.blue.blue}"
      },
      "negative": {
        "$type": "color",
        "$value": "{rp.red.red}"
      },
      "quaternary": {
        "$type": "color",
        "$value": "{rp.gray.300}"
      }
    },
    "divider": {
      "primary": {
        "$type": "color",
        "$value": "{rp.gray.050}"
      },
      "secondary": {
        "$type": "color",
        "$value": "{rp.gray.100}"
      },
      "tertiary": {
        "$type": "color",
        "$value": "{rp.gray.200}"
      },
      "constant": {
        "$type": "color",
        "$value": "#f7f7f7"
      },
      "constantInverse": {
        "$type": "color",
        "$value": "#282b30"
      }
    },
    "⚙️_System": {
      "themeProvider": {
        "Colored": {
          "$type": "string",
          "$value": "Light Blue"
        },
        "Base": {
          "$type": "string",
          "$value": "Light"
        }
      }
    },
    "shadow": {
      "black-alpha-1": {
        "$type": "color",
        "$value": "#00000008",
        "$description": "цвет тени"
      },
      "black-alpha-2": {
        "$type": "color",
        "$value": "#0000000a",
        "$description": "цвет тени"
      },
      "black-alpha-3": {
        "$type": "color",
        "$value": "#0000000f",
        "$description": "цвет тени"
      },
      "black-alpha-4": {
        "$type": "color",
        "$value": "#00000014",
        "$description": "цвет тени"
      },
      "black-alpha-6": {
        "$type": "color",
        "$value": "#0000001f",
        "$description": "цвет тени"
      },
      "black-alpha-8": {
        "$type": "color",
        "$value": "#00000029",
        "$description": "цвет тени"
      }
    },
    "overlay": {
      "primaryAlpha": {
        "$type": "color",
        "$value": "#0000005c"
      },
      "primaryBeta": {
        "$type": "color",
        "$value": "#000000cc"
      }
    },
    "rainbowSurface": {
      "blue": {
        "$type": "color",
        "$value": "{rp.blue.blue}"
      },
      "blueSubdued": {
        "$type": "color",
        "$value": "{rp.blue.light-blue-2}"
      },
      "green": {
        "$type": "color",
        "$value": "{rp.green.green}"
      },
      "greenSubdued": {
        "$type": "color",
        "$value": "{rp.green.light-green}"
      },
      "orange": {
        "$type": "color",
        "$value": "{rp.yellow.yellow}"
      },
      "orangeSubdued": {
        "$type": "color",
        "$value": "{rp.yellow.light-yellow-3}"
      },
      "orangeFire": {
        "$type": "color",
        "$value": "#f05c44"
      },
      "orangeFireSubdued": {
        "$type": "color",
        "$value": "#fdefec"
      },
      "red": {
        "$type": "color",
        "$value": "{rp.red.red}"
      },
      "redSubdued": {
        "$type": "color",
        "$value": "{rp.red.light-red-2}"
      },
      "purple": {
        "$type": "color",
        "$value": "#735ce6"
      },
      "purpleSubdued": {
        "$type": "color",
        "$value": "#f1effc"
      },
      "violet": {
        "$type": "color",
        "$value": "#792ec0"
      },
      "violetSubdued": {
        "$type": "color",
        "$value": "#f2eaf9"
      },
      "raspberryPink": {
        "$type": "color",
        "$value": "#e03fab"
      },
      "raspberryPinkSubdued": {
        "$type": "color",
        "$value": "#fcecf7"
      },
      "mint": {
        "$type": "color",
        "$value": "#25baa2"
      }
    },
    "rainbowContent": {
      "blue": {
        "$type": "color",
        "$value": "{rp.blue.blue}"
      },
      "green": {
        "$type": "color",
        "$value": "{rp.green.green}"
      },
      "orange": {
        "$type": "color",
        "$value": "{rp.yellow.yellow}"
      },
      "orangeFire": {
        "$type": "color",
        "$value": "#f05c44"
      },
      "red": {
        "$type": "color",
        "$value": "{rp.red.red}"
      },
      "purple": {
        "$type": "color",
        "$value": "#735ce6"
      },
      "violet": {
        "$type": "color",
        "$value": "#792ec0"
      },
      "raspberryPink": {
        "$type": "color",
        "$value": "#e03fab"
      },
      "mint": {
        "$type": "color",
        "$value": "#25baa2"
      }
    }
  },
  "rp": {
    "blue": {
      "blue": {
        "$type": "color",
        "$value": "#0077ff"
      },
      "light-blue-1": {
        "$type": "color",
        "$value": "#dae7ff",
        "$description": "was not yet used"
      },
      "light-blue-2": {
        "$type": "color",
        "$value": "#e5f1ff"
      },
      "dark-blue-1": {
        "$type": "color",
        "$value": "#005fcc"
      }
    },
    "gray": {
      "100": {
        "$type": "color",
        "$value": "#e1e3e6"
      },
      "200": {
        "$type": "color",
        "$value": "#aeb7c2"
      },
      "300": {
        "$type": "color",
        "$value": "#99a2ad"
      },
      "500": {
        "$type": "color",
        "$value": "#6d7885"
      },
      "050": {
        "$type": "color",
        "$value": "#ebedf0"
      },
      "040": {
        "$type": "color",
        "$value": "#f2f3f5"
      },
      "020": {
        "$type": "color",
        "$value": "#f7f7f7"
      }
    },
    "red": {
      "red": {
        "$type": "color",
        "$value": "#ff3347"
      },
      "light-red-1": {
        "$type": "color",
        "$value": "#f9dbdb",
        "$description": "was not yet used"
      },
      "light-red-2": {
        "$type": "color",
        "$value": "#faebeb"
      }
    },
    "yellow": {
      "yellow": {
        "$type": "color",
        "$value": "#ffa000"
      },
      "light-yellow-1": {
        "$type": "color",
        "$value": "#fec566",
        "$description": "was not yet used"
      },
      "light-yellow-2": {
        "$type": "color",
        "$value": "#ffe3ac",
        "$description": "was not yet used"
      },
      "light-yellow-3": {
        "$type": "color",
        "$value": "#fff2d6"
      }
    },
    "green": {
      "green": {
        "$type": "color",
        "$value": "#4bb34b"
      },
      "mint": {
        "$type": "color",
        "$value": "#6aceb0",
        "$description": "was not yet used"
      },
      "turquoise": {
        "$type": "color",
        "$value": "#d2e8ec",
        "$description": "was not yet used"
      },
      "light-green": {
        "$type": "color",
        "$value": "#e4f4e4"
      }
    },
    "purple": {
      "purple": {
        "$type": "color",
        "$value": "#811ac7",
        "$description": "was not yet used"
      }
    },
    "magenta": {
      "magenta": {
        "$type": "color",
        "$value": "#ff3971",
        "$description": "was not yet used"
      }
    },
    "black": {
      "100": {
        "$type": "color",
        "$value": "#222222"
      },
      "075": {
        "$type": "color",
        "$value": "#404040",
        "$description": "was not yet used"
      },
      "035": {
        "$type": "color",
        "$value": "#a6a6a6",
        "$description": "was not yet used"
      },
      "015": {
        "$type": "color",
        "$value": "#d9d9d9",
        "$description": "was not yet used"
      },
      "004": {
        "$type": "color",
        "$value": "#f5f5f5",
        "$description": "was not yet used"
      }
    },
    "white": {
      "white": {
        "$type": "color",
        "$value": "#ffffff"
      }
    }
  }
}