{
  "core": {
    "background": {
      "primary": {
        "$type": "color",
        "$value": "{rp.white.white}"
      },
      "secondary": {
        "$type": "color",
        "$value": "#1a1c20"
      }
    },
    "surface": {
      "primary": {
        "$type": "color",
        "$value": "#1a1c20"
      },
      "secondary": {
        "$type": "color",
        "$value": "{rp.gray.020}"
      },
      "tertiary": {
        "$type": "color",
        "$value": "#393e45"
      },
      "constant": {
        "$type": "color",
        "$value": "#ffffff"
      },
      "accent": {
        "$type": "color",
        "$value": "#d61a78"
      },
      "accentSubdued": {
        "$type": "color",
        "$value": "#3c2334"
      },
      "positive": {
        "$type": "color",
        "$value": "{rp.green.green}"
      },
      "positiveSubdued": {
        "$type": "color",
        "$value": "{rp.green.light-green}"
      },
      "warning": {
        "$type": "color",
        "$value": "{rp.yellow.yellow}"
      },
      "warningSubdued": {
        "$type": "color",
        "$value": "{rp.yellow.light-yellow-3}"
      },
      "negative": {
        "$type": "color",
        "$value": "{rp.red.red}"
      },
      "negativeSubdued": {
        "$type": "color",
        "$value": "{rp.red.light-red-2}"
      },
      "input": {
        "$type": "color",
        "$value": "{rp.gray.040}"
      }
    },
    "text": {
      "primary": {
        "$type": "color",
        "$value": "{rp.black.100}"
      },
      "secondary": {
        "$type": "color",
        "$value": "{rp.gray.500}"
      },
      "tertiary": {
        "$type": "color",
        "$value": "{rp.gray.300}"
      },
      "quaternaryConstant": {
        "$type": "color",
        "$value": "#ffffff"
      },
      "quaternaryConstantInverse": {
        "$type": "color",
        "$value": "#000000"
      },
      "link": {
        "$type": "color",
        "$value": "#ff47a3"
      },
      "linkVisited": {
        "$type": "color",
        "$value": "#905ee1"
      },
      "accent": {
        "$type": "color",
        "$value": "#ff47a3"
      },
      "positive": {
        "$type": "color",
        "$value": "{rp.green.green}"
      },
      "warning": {
        "$type": "color",
        "$value": "{rp.yellow.yellow}"
      },
      "negative": {
        "$type": "color",
        "$value": "{rp.red.red}"
      }
    },
    "icon": {
      "primary": {
        "$type": "color",
        "$value": "{rp.black.100}"
      },
      "secondary": {
        "$type": "color",
        "$value": "{rp.gray.500}"
      },
      "tertiary": {
        "$type": "color",
        "$value": "{rp.gray.300}"
      },
      "quaternary": {
        "$type": "color",
        "$value": "{rp.gray.100}"
      },
      "constant": {
        "$type": "color",
        "$value": "#ffffff"
      },
      "constantInverse": {
        "$type": "color",
        "$value": "#000000"
      },
      "accent": {
        "$type": "color",
        "$value": "#ff47a3"
      },
      "positive": {
        "$type": "color",
        "$value": "{rp.green.green}"
      },
      "warning": {
        "$type": "color",
        "$value": "{rp.yellow.yellow}"
      },
      "negative": {
        "$type": "color",
        "$value": "{rp.red.red}"
      }
    },
    "stroke": {
      "primary": {
        "$type": "color",
        "$value": "{rp.gray.100}"
      },
      "secondary": {
        "$type": "color",
        "$value": "{rp.gray.050}"
      },
      "tertiary": {
        "$type": "color",
        "$value": "#1a1c20"
      },
      "accent": {
        "$type": "color",
        "$value": "#ff47a3"
      },
      "negative": {
        "$type": "color",
        "$value": "{rp.red.red}"
      },
      "quaternary": {
        "$type": "color",
        "$value": "{rp.gray.300}"
      }
    },
    "divider": {
      "primary": {
        "$type": "color",
        "$value": "{rp.gray.050}"
      },
      "secondary": {
        "$type": "color",
        "$value": "{rp.gray.100}"
      },
      "tertiary": {
        "$type": "color",
        "$value": "{rp.gray.200}"
      },
      "constant": {
        "$type": "color",
        "$value": "#f7f7f7"
      },
      "constantInverse": {
        "$type": "color",
        "$value": "#282b30"
      }
    },
    "⚙️_System": {
      "themeProvider": {
        "Colored": {
          "$type": "string",
          "$value": "Dark Pink"
        },
        "Base": {
          "$type": "string",
          "$value": "Dark"
        }
      }
    },
    "shadow": {
      "black-alpha-1": {
        "$type": "color",
        "$value": "#0000001a",
        "$description": "цвет тени"
      },
      "black-alpha-2": {
        "$type": "color",
        "$value": "#00000026",
        "$description": "цвет тени"
      },
      "black-alpha-3": {
        "$type": "color",
        "$value": "#00000033",
        "$description": "цвет тени"
      },
      "black-alpha-4": {
        "$type": "color",
        "$value": "#0000004d",
        "$description": "цвет тени"
      },
      "black-alpha-6": {
        "$type": "color",
        "$value": "#0000001f",
        "$description": "цвет тени"
      },
      "black-alpha-8": {
        "$type": "color",
        "$value": "#0000004d",
        "$description": "цвет тени"
      }
    },
    "overlay": {
      "primaryAlpha": {
        "$type": "color",
        "$value": "#000000a3"
      },
      "primaryBeta": {
        "$type": "color",
        "$value": "#000000cc"
      }
    },
    "rainbowSurface": {
      "blue": {
        "$type": "color",
        "$value": "#2994ff"
      },
      "blueSubdued": {
        "$type": "color",
        "$value": "{rp.blue.light-blue-2}"
      },
      "green": {
        "$type": "color",
        "$value": "#45a645"
      },
      "greenSubdued": {
        "$type": "color",
        "$value": "{rp.green.light-green}"
      },
      "orange": {
        "$type": "color",
        "$value": "#d98800"
      },
      "orangeSubdued": {
        "$type": "color",
        "$value": "{rp.yellow.light-yellow-3}"
      },
      "orangeFire": {
        "$type": "color",
        "$value": "#f05c44"
      },
      "orangeFireSubdued": {
        "$type": "color",
        "$value": "#502c29"
      },
      "red": {
        "$type": "color",
        "$value": "#cc3342"
      },
      "redSubdued": {
        "$type": "color",
        "$value": "{rp.red.light-red-2}"
      },
      "purple": {
        "$type": "color",
        "$value": "#604dbf"
      },
      "purpleSubdued": {
        "$type": "color",
        "$value": "#3a3658"
      },
      "violet": {
        "$type": "color",
        "$value": "#6828a6"
      },
      "violetSubdued": {
        "$type": "color",
        "$value": "#3e2958"
      },
      "raspberryPink": {
        "$type": "color",
        "$value": "#bf3692"
      },
      "raspberryPinkSubdued": {
        "$type": "color",
        "$value": "#502d48"
      },
      "mint": {
        "$type": "color",
        "$value": "#21a690"
      }
    },
    "rainbowContent": {
      "blue": {
        "$type": "color",
        "$value": "#2994ff"
      },
      "green": {
        "$type": "color",
        "$value": "{rp.green.green}"
      },
      "orange": {
        "$type": "color",
        "$value": "{rp.yellow.yellow}"
      },
      "orangeFire": {
        "$type": "color",
        "$value": "#f05c44"
      },
      "red": {
        "$type": "color",
        "$value": "{rp.red.red}"
      },
      "purple": {
        "$type": "color",
        "$value": "#9985ff"
      },
      "violet": {
        "$type": "color",
        "$value": "#a94fff"
      },
      "raspberryPink": {
        "$type": "color",
        "$value": "#f060c0"
      },
      "mint": {
        "$type": "color",
        "$value": "#27c2a9"
      }
    }
  },
  "rp": {
    "blue": {
      "blue": {
        "$type": "color",
        "$value": "#0072e5"
      },
      "light-blue-1": {
        "$type": "color",
        "$value": "#faff00",
        "$description": "was not yet used"
      },
      "light-blue-2": {
        "$type": "color",
        "$value": "#192e44"
      },
      "dark-blue-1": {
        "$type": "color",
        "$value": "#4086d6"
      }
    },
    "gray": {
      "100": {
        "$type": "color",
        "$value": "#393e45"
      },
      "200": {
        "$type": "color",
        "$value": "#282b30"
      },
      "300": {
        "$type": "color",
        "$value": "#838d99"
      },
      "500": {
        "$type": "color",
        "$value": "#9ba6b1"
      },
      "050": {
        "$type": "color",
        "$value": "#464c54"
      },
      "040": {
        "$type": "color",
        "$value": "#2d3137"
      },
      "020": {
        "$type": "color",
        "$value": "#282b30"
      }
    },
    "red": {
      "red": {
        "$type": "color",
        "$value": "#e34949"
      },
      "light-red-1": {
        "$type": "color",
        "$value": "#faff00",
        "$description": "was not yet used"
      },
      "light-red-2": {
        "$type": "color",
        "$value": "#402023"
      }
    },
    "yellow": {
      "yellow": {
        "$type": "color",
        "$value": "#e5a525"
      },
      "light-yellow-1": {
        "$type": "color",
        "$value": "#faff00",
        "$description": "was not yet used"
      },
      "light-yellow-2": {
        "$type": "color",
        "$value": "#faff00",
        "$description": "was not yet used"
      },
      "light-yellow-3": {
        "$type": "color",
        "$value": "#453916"
      }
    },
    "green": {
      "green": {
        "$type": "color",
        "$value": "#37b837"
      },
      "mint": {
        "$type": "color",
        "$value": "#faff00",
        "$description": "was not yet used"
      },
      "turquoise": {
        "$type": "color",
        "$value": "#faff00",
        "$description": "was not yet used"
      },
      "light-green": {
        "$type": "color",
        "$value": "#213e29"
      }
    },
    "purple": {
      "purple": {
        "$type": "color",
        "$value": "#faff00",
        "$description": "was not yet used"
      }
    },
    "magenta": {
      "magenta": {
        "$type": "color",
        "$value": "#faff00",
        "$description": "was not yet used"
      }
    },
    "black": {
      "100": {
        "$type": "color",
        "$value": "#ebf1f6"
      },
      "075": {
        "$type": "color",
        "$value": "#faff00",
        "$description": "was not yet used"
      },
      "035": {
        "$type": "color",
        "$value": "#faff00",
        "$description": "was not yet used"
      },
      "015": {
        "$type": "color",
        "$value": "#faff00",
        "$description": "was not yet used"
      },
      "004": {
        "$type": "color",
        "$value": "#faff00",
        "$description": "was not yet used"
      }
    },
    "white": {
      "white": {
        "$type": "color",
        "$value": "#000000"
      }
    }
  }
}