{
  "none": {
    "$type": "dimension",
    "$value": "0px",
    "$description": "нулевой отступ"
  },
  "XXXS": {
    "$type": "dimension",
    "$value": "2px",
    "$description": "микроотступ. Используй его в случаях, когда пространство ограничено. Помни, что с таким отступом фрейм всё равно должен остаться кратным 4px"
  },
  "XXS": {
    "$type": "dimension",
    "$value": "4px",
    "$description": "самый маленький базовый отступ"
  },
  "XS": {
    "$type": "dimension",
    "$value": "8px",
    "$description": "увеличенный базовый отступ"
  },
  "S": {
    "$type": "dimension",
    "$value": "12px",
    "$description": "средний отступ, может использоваться в качестве отступа внутри компонента"
  },
  "M": {
    "$type": "dimension",
    "$value": "16px",
    "$description": "средний отступ, может использоваться в качестве отступа внутри компонента"
  },
  "L": {
    "$type": "dimension",
    "$value": "20px",
    "$description": "средний отступ, может использоваться в качестве отступа внутри компонента"
  },
  "XL": {
    "$type": "dimension",
    "$value": "24px",
    "$description": "большой отступ, может использоваться в качестве отступа внутри компонента или между логическими блоками"
  },
  "XXL": {
    "$type": "dimension",
    "$value": "28px",
    "$description": "большой отступ, может использоваться в качестве отступа внутри между логическими блоками"
  },
  "XXXL": {
    "$type": "dimension",
    "$value": "32px",
    "$description": "большой отступ, может использоваться в качестве отступа внутри между логическими блоками"
  },
  "XL4": {
    "$type": "dimension",
    "$value": "36px",
    "$description": "очень большой отступ"
  },
  "XL5": {
    "$type": "dimension",
    "$value": "40px",
    "$description": "очень большой отступ"
  },
  "XL6": {
    "$type": "dimension",
    "$value": "44px",
    "$description": "очень большой отступ"
  },
  "XL7": {
    "$type": "dimension",
    "$value": "48px",
    "$description": "очень большой отступ"
  },
  "XL8": {
    "$type": "dimension",
    "$value": "52px",
    "$description": "очень большой отступ"
  },
  "XL9": {
    "$type": "dimension",
    "$value": "56px",
    "$description": "очень большой отступ"
  },
  "XL10": {
    "$type": "dimension",
    "$value": "60px",
    "$description": "очень большой отступ"
  },
  "XL11": {
    "$type": "dimension",
    "$value": "64px",
    "$description": "очень большой отступ"
  },
  "XL12": {
    "$type": "dimension",
    "$value": "68px",
    "$description": "очень большой отступ"
  },
  "XL13": {
    "$type": "dimension",
    "$value": "72px",
    "$description": "очень большой отступ"
  },
  "XL14": {
    "$type": "dimension",
    "$value": "76px",
    "$description": "очень большой отступ"
  },
  "XL15": {
    "$type": "dimension",
    "$value": "80px",
    "$description": "очень большой отступ"
  },
  "XL16": {
    "$type": "dimension",
    "$value": "84px",
    "$description": "очень большой отступ"
  },
  "XL17": {
    "$type": "dimension",
    "$value": "88px",
    "$description": "очень большой отступ"
  },
  "XL18": {
    "$type": "dimension",
    "$value": "92px",
    "$description": "очень большой отступ"
  },
  "XL19": {
    "$type": "dimension",
    "$value": "96px",
    "$description": "очень большой отступ"
  }
}