{
  "Base": {
    "100": {
      "$type": "color",
      "$value": "#e1e3e6"
    },
    "150": {
      "$type": "color",
      "$value": "#ebf1f6"
    },
    "200": {
      "$type": "color",
      "$value": "#aeb7c2"
    },
    "300": {
      "$type": "color",
      "$value": "#a3adb7"
    },
    "400": {
      "$type": "color",
      "$value": "#99a2ad"
    },
    "500": {
      "$type": "color",
      "$value": "#838d99"
    },
    "600": {
      "$type": "color",
      "$value": "#6a7481"
    },
    "700": {
      "$type": "color",
      "$value": "#404855"
    },
    "800": {
      "$type": "color",
      "$value": "#3b4452"
    },
    "900": {
      "$type": "color",
      "$value": "#333a47"
    },
    "1000": {
      "$type": "color",
      "$value": "#2f3641"
    },
    "1100": {
      "$type": "color",
      "$value": "#2b323d"
    },
    "1200": {
      "$type": "color",
      "$value": "#242a32"
    },
    "1300": {
      "$type": "color",
      "$value": "#20252d"
    },
    "1400": {
      "$type": "color",
      "$value": "#1e232a"
    },
    "1500": {
      "$type": "color",
      "$value": "#171c22"
    },
    "1600": {
      "$type": "color",
      "$value": "#0f1214"
    },
    "1700": {
      "$type": "color",
      "$value": "#000000"
    },
    "00": {
      "$type": "color",
      "$value": "#ffffff"
    },
    "020": {
      "$type": "color",
      "$value": "#f6f6f6"
    },
    "040": {
      "$type": "color",
      "$value": "#f2f3f5"
    },
    "050": {
      "$type": "color",
      "$value": "#ebedf0"
    }
  },
  "Accent": {
    "blue_020": {
      "$type": "color",
      "$value": "#e5f1ff"
    },
    "blue_050": {
      "$type": "color",
      "$value": "#dae7ff"
    },
    "blue_100": {
      "$type": "color",
      "$value": "#2994ff"
    },
    "blue_200": {
      "$type": "color",
      "$value": "#0077ff"
    },
    "blue_250": {
      "$type": "color",
      "$value": "#0072e5"
    },
    "blue_300": {
      "$type": "color",
      "$value": "#005fcc"
    },
    "blue_800": {
      "$type": "color",
      "$value": "#192e44"
    },
    "red_020": {
      "$type": "color",
      "$value": "#faebeb"
    },
    "red_050": {
      "$type": "color",
      "$value": "#f9dbdb"
    },
    "red_100": {
      "$type": "color",
      "$value": "#e34949"
    },
    "red_200": {
      "$type": "color",
      "$value": "#ff3347"
    },
    "red_800": {
      "$type": "color",
      "$value": "#402023"
    },
    "yellow_020": {
      "$type": "color",
      "$value": "#fff2d6"
    },
    "yellow_050": {
      "$type": "color",
      "$value": "#ffe3ac"
    },
    "yellow_100": {
      "$type": "color",
      "$value": "#fec566"
    },
    "yellow_200": {
      "$type": "color",
      "$value": "#e5a525"
    },
    "yellow_300": {
      "$type": "color",
      "$value": "#ffa000"
    },
    "yellow_800": {
      "$type": "color",
      "$value": "#453916"
    },
    "green_020": {
      "$type": "color",
      "$value": "#d2e8ec"
    },
    "green_050": {
      "$type": "color",
      "$value": "#e4f4e4"
    },
    "green_100": {
      "$type": "color",
      "$value": "#6aceb0"
    },
    "green_200": {
      "$type": "color",
      "$value": "#4bb34b"
    },
    "green_250": {
      "$type": "color",
      "$value": "#37b837"
    },
    "green_800": {
      "$type": "color",
      "$value": "#213e29"
    },
    "purple_050": {
      "$type": "color",
      "$value": "#f1effc"
    },
    "purple_100": {
      "$type": "color",
      "$value": "#905ee1"
    },
    "purple_200": {
      "$type": "color",
      "$value": "#7436da"
    },
    "violet_050": {
      "$type": "color",
      "$value": "#f2eaf9"
    },
    "violet_200": {
      "$type": "color",
      "$value": "#811ac7"
    },
    "pink_020": {
      "$type": "color",
      "$value": "#ffe5f0"
    },
    "pink_100": {
      "$type": "color",
      "$value": "#ff47a3"
    },
    "pink_200": {
      "$type": "color",
      "$value": "#fd3f8e"
    },
    "pink_300": {
      "$type": "color",
      "$value": "#ff3971"
    },
    "pink_400": {
      "$type": "color",
      "$value": "#d61a78"
    },
    "pink_800": {
      "$type": "color",
      "$value": "#3c2334"
    },
    "orangeFire_050": {
      "$type": "color",
      "$value": "#fdefec"
    },
    "orangeFire_200": {
      "$type": "color",
      "$value": "#f05c44"
    },
    "orangeFire_250": {
      "$type": "color",
      "$value": "#cc4e3a"
    },
    "orangeFire_800": {
      "$type": "color",
      "$value": "#502c29"
    }
  }
}