{
  "Surface": {
    "Level00": {
      "$type": "color",
      "$value": "{Base.040}",
      "$description": "Фон заднего плана"
    },
    "Level05": {
      "$type": "color",
      "$value": "{Base.020}",
      "$description": "Фон бокового меню и инпутов"
    },
    "Level05-Hover": {
      "$type": "color",
      "$value": "{Base.050}",
      "$description": "Hover эффект для пунктов в боковом меню и в инпутах"
    },
    "Level10": {
      "$type": "color",
      "$value": "{Base.00}",
      "$description": "Фон контентной части страницы и Top Menu"
    },
    "Level10-Hover": {
      "$type": "color",
      "$value": "{Base.020}",
      "$description": "Hover эффект для элементов, лежащих на уровне Level10"
    },
    "Level20": {
      "$type": "color",
      "$value": "{Base.00}",
      "$description": "Фон для выпадающих списков, контекстных меню и календаря"
    },
    "Level20-Hover": {
      "$type": "color",
      "$value": "{Base.020}",
      "$description": "Hover эффект для строк в выпадающих списках и контекстных меню"
    },
    "Level30": {
      "$type": "color",
      "$value": "{Base.00}",
      "$description": "Фон для тултипа"
    }
  },
  "Fill": {
    "Base20": {
      "$type": "color",
      "$value": "{Base.050}"
    },
    "Base10": {
      "$type": "color",
      "$value": "{Base.020}"
    },
    "WhiteConstant": {
      "$type": "color",
      "$value": "{Base.00}"
    },
    "Accent": {
      "$type": "color",
      "$value": "{Accent.blue_200}"
    },
    "AccentSubdued": {
      "$type": "color",
      "$value": "{Accent.blue_020}"
    },
    "Positive": {
      "$type": "color",
      "$value": "{Accent.green_200}"
    },
    "PositiveSubdued": {
      "$type": "color",
      "$value": "{Accent.green_050}"
    },
    "Negative": {
      "$type": "color",
      "$value": "{Accent.red_200}"
    },
    "NegativeSubdued": {
      "$type": "color",
      "$value": "{Accent.red_020}"
    },
    "Warning": {
      "$type": "color",
      "$value": "{Accent.yellow_300}"
    },
    "WarningSubdued": {
      "$type": "color",
      "$value": "{Accent.yellow_020}"
    }
  },
  "Text": {
    "Base90": {
      "$type": "color",
      "$value": "{Base.1500}"
    },
    "Base20": {
      "$type": "color",
      "$value": "{Base.600}"
    },
    "Base10": {
      "$type": "color",
      "$value": "{Base.300}"
    },
    "Base00": {
      "$type": "color",
      "$value": "{Base.00}"
    },
    "WhiteConstant": {
      "$type": "color",
      "$value": "{Base.00}"
    },
    "BlackConstant": {
      "$type": "color",
      "$value": "{Base.1700}"
    },
    "Link": {
      "$type": "color",
      "$value": "{Accent.blue_200}"
    },
    "LinkVisited": {
      "$type": "color",
      "$value": "{Accent.purple_200}"
    },
    "Accent": {
      "$type": "color",
      "$value": "{Accent.blue_200}"
    },
    "Positive": {
      "$type": "color",
      "$value": "{Accent.green_200}"
    },
    "Warning": {
      "$type": "color",
      "$value": "{Accent.yellow_300}"
    },
    "Negative": {
      "$type": "color",
      "$value": "{Accent.red_200}"
    }
  },
  "Icon": {
    "Base90": {
      "$type": "color",
      "$value": "{Base.1500}"
    },
    "Base20": {
      "$type": "color",
      "$value": "{Base.600}"
    },
    "Base10": {
      "$type": "color",
      "$value": "{Base.400}"
    },
    "Base05": {
      "$type": "color",
      "$value": "{Base.100}"
    },
    "WhiteConstant": {
      "$type": "color",
      "$value": "{Base.00}"
    },
    "BlackConstant": {
      "$type": "color",
      "$value": "{Base.1700}"
    },
    "Accent": {
      "$type": "color",
      "$value": "{Accent.blue_200}"
    },
    "Positive": {
      "$type": "color",
      "$value": "{Accent.green_200}"
    },
    "Warning": {
      "$type": "color",
      "$value": "{Accent.yellow_300}"
    },
    "Negative": {
      "$type": "color",
      "$value": "{Accent.red_200}"
    }
  },
  "Line": {
    "Base30": {
      "$type": "color",
      "$value": "{Base.400}"
    },
    "Base20": {
      "$type": "color",
      "$value": "{Base.200}"
    },
    "Base10": {
      "$type": "color",
      "$value": "{Base.100}"
    },
    "Base05": {
      "$type": "color",
      "$value": "{Base.050}"
    },
    "Base00": {
      "$type": "color",
      "$value": "{Base.00}"
    },
    "Accent": {
      "$type": "color",
      "$value": "{Accent.blue_200}"
    },
    "Negative": {
      "$type": "color",
      "$value": "{Accent.red_200}"
    }
  },
  "States": {
    "AccentHover": {
      "$type": "color",
      "$value": "#0069e0",
      "$description": "фон CTA-кнопки при наведении курсора —  Button (web) Type=Primary, State=Hover, Critical=no"
    },
    "AccentActive": {
      "$type": "color",
      "$value": "#005fca",
      "$description": "фон CTA-кнопки при клике или в активном состоянии —  Button (web) Type=Primary, State=Active, Critical=no"
    },
    "AccentSubduedHover": {
      "$type": "color",
      "$value": "#e5f2ff",
      "$description": "фон вторичной кнопки при наведении курсора —  Button (web) Type=Secondary, State=Hover, Critical=no"
    },
    "AccentSubduedActive": {
      "$type": "color",
      "$value": "#cce4ff",
      "$description": "фон вторичной кнопки при клике или в активном состоянии — Button (web) Type=Primary, State=Active, Critical=no"
    },
    "NegativeHover": {
      "$type": "color",
      "$value": "#de3041",
      "$description": "фон критичной CTA-кнопки при наведении курсора —  Button (web) Type=Primary, State=Hover, Critical=yes"
    },
    "NegativeActive": {
      "$type": "color",
      "$value": "#bd2e3c",
      "$description": "фон критичной CTA-кнопки при клике или в активном состоянии — Button (web) Type=Primary, State=Active, Critical=yes"
    },
    "NegativeSubduedHover": {
      "$type": "color",
      "$value": "#ffe8e8",
      "$description": "фон критичной вторичной кнопки при наведении курсора — Button (web) Type=Secondary, State=Hover, Critical=yes"
    },
    "NegativeSubduedActive": {
      "$type": "color",
      "$value": "#ffd0d0",
      "$description": "фон критичной вторичной кнопки при клике или в активном состоянии — Button (web) Type=Secondary, State=Active, Critical=yes"
    },
    "GrayActive": {
      "$type": "color",
      "$value": "#cbd0d7"
    },
    "GrayHover": {
      "$type": "color",
      "$value": "{Base.100}"
    }
  },
  "Figma_Flow": {
    "Section": {
      "$type": "color",
      "$value": "#2136551a"
    }
  }
}