{
  "Surface": {
    "Level00": {
      "$type": "color",
      "$value": "{Base.1600}",
      "$description": "Фон заднего плана"
    },
    "Level05": {
      "$type": "color",
      "$value": "{Base.1500}",
      "$description": "Фон бокового меню и инпутов"
    },
    "Level05-Hover": {
      "$type": "color",
      "$value": "{Base.1300}",
      "$description": "Hover эффект для пунктов в боковом меню и в инпутах"
    },
    "Level10": {
      "$type": "color",
      "$value": "{Base.1400}",
      "$description": "Фон контентной части страницы и Top Menu"
    },
    "Level10-Hover": {
      "$type": "color",
      "$value": "{Base.1200}",
      "$description": "Hover эффект для элементов, лежащих на уровне Level10"
    },
    "Level20": {
      "$type": "color",
      "$value": "{Base.1100}",
      "$description": "Фон для выпадающих списков, контекстных меню и календаря"
    },
    "Level20-Hover": {
      "$type": "color",
      "$value": "{Base.900}",
      "$description": "Hover эффект для строк в выпадающих списках и контекстных меню"
    },
    "Level30": {
      "$type": "color",
      "$value": "{Base.700}",
      "$description": "Фон для тултипа"
    }
  },
  "Fill": {
    "Base20": {
      "$type": "color",
      "$value": "{Base.900}"
    },
    "Base10": {
      "$type": "color",
      "$value": "{Base.1100}"
    },
    "WhiteConstant": {
      "$type": "color",
      "$value": "{Base.00}"
    },
    "Accent": {
      "$type": "color",
      "$value": "{Accent.blue_250}"
    },
    "AccentSubdued": {
      "$type": "color",
      "$value": "{Accent.blue_800}"
    },
    "Positive": {
      "$type": "color",
      "$value": "{Accent.green_250}"
    },
    "PositiveSubdued": {
      "$type": "color",
      "$value": "{Accent.green_800}"
    },
    "Negative": {
      "$type": "color",
      "$value": "{Accent.red_100}"
    },
    "NegativeSubdued": {
      "$type": "color",
      "$value": "{Accent.red_800}"
    },
    "Warning": {
      "$type": "color",
      "$value": "{Accent.yellow_200}"
    },
    "WarningSubdued": {
      "$type": "color",
      "$value": "{Accent.yellow_800}"
    }
  },
  "Text": {
    "Base90": {
      "$type": "color",
      "$value": "{Base.150}"
    },
    "Base20": {
      "$type": "color",
      "$value": "{Base.300}"
    },
    "Base10": {
      "$type": "color",
      "$value": "{Base.500}"
    },
    "Base00": {
      "$type": "color",
      "$value": "{Base.1500}"
    },
    "WhiteConstant": {
      "$type": "color",
      "$value": "{Base.00}"
    },
    "BlackConstant": {
      "$type": "color",
      "$value": "{Base.1700}"
    },
    "Link": {
      "$type": "color",
      "$value": "{Accent.blue_100}"
    },
    "LinkVisited": {
      "$type": "color",
      "$value": "{Accent.purple_100}"
    },
    "Accent": {
      "$type": "color",
      "$value": "{Accent.blue_100}"
    },
    "Positive": {
      "$type": "color",
      "$value": "{Accent.green_250}"
    },
    "Warning": {
      "$type": "color",
      "$value": "{Accent.yellow_200}"
    },
    "Negative": {
      "$type": "color",
      "$value": "#f64c4c"
    }
  },
  "Icon": {
    "Base90": {
      "$type": "color",
      "$value": "{Base.150}"
    },
    "Base20": {
      "$type": "color",
      "$value": "{Base.300}"
    },
    "Base10": {
      "$type": "color",
      "$value": "{Base.500}"
    },
    "Base05": {
      "$type": "color",
      "$value": "{Base.900}"
    },
    "WhiteConstant": {
      "$type": "color",
      "$value": "{Base.00}"
    },
    "BlackConstant": {
      "$type": "color",
      "$value": "{Base.1700}"
    },
    "Accent": {
      "$type": "color",
      "$value": "{Accent.blue_100}"
    },
    "Positive": {
      "$type": "color",
      "$value": "{Accent.green_250}"
    },
    "Warning": {
      "$type": "color",
      "$value": "{Accent.yellow_200}"
    },
    "Negative": {
      "$type": "color",
      "$value": "{Accent.red_100}"
    }
  },
  "Line": {
    "Base30": {
      "$type": "color",
      "$value": "{Base.500}"
    },
    "Base20": {
      "$type": "color",
      "$value": "{Base.700}"
    },
    "Base10": {
      "$type": "color",
      "$value": "{Base.900}"
    },
    "Base05": {
      "$type": "color",
      "$value": "{Base.1000}"
    },
    "Base00": {
      "$type": "color",
      "$value": "{Base.1400}"
    },
    "Accent": {
      "$type": "color",
      "$value": "{Accent.blue_100}"
    },
    "Negative": {
      "$type": "color",
      "$value": "{Accent.red_100}"
    }
  },
  "States": {
    "AccentHover": {
      "$type": "color",
      "$value": "#0f4d94",
      "$description": "фон CTA-кнопки при наведении курсора —  Button (web) Type=Primary, State=Hover, Critical=no"
    },
    "AccentActive": {
      "$type": "color",
      "$value": "#183455",
      "$description": "фон CTA-кнопки при клике или в активном состоянии —  Button (web) Type=Primary, State=Active, Critical=no"
    },
    "AccentSubduedHover": {
      "$type": "color",
      "$value": "#17385f",
      "$description": "фон вторичной кнопки при наведении курсора —  Button (web) Type=Secondary, State=Hover, Critical=no"
    },
    "AccentSubduedActive": {
      "$type": "color",
      "$value": "#1e3048",
      "$description": "фон вторичной кнопки при клике или в активном состоянии — Button (web) Type=Primary, State=Active, Critical=no"
    },
    "NegativeHover": {
      "$type": "color",
      "$value": "#931b19",
      "$description": "фон критичной CTA-кнопки при наведении курсора —  Button (web) Type=Primary, State=Hover, Critical=yes"
    },
    "NegativeActive": {
      "$type": "color",
      "$value": "#581010",
      "$description": "фон критичной CTA-кнопки при клике или в активном состоянии — Button (web) Type=Primary, State=Active, Critical=yes"
    },
    "NegativeSubduedHover": {
      "$type": "color",
      "$value": "#4e0909",
      "$description": "фон критичной вторичной кнопки при наведении курсора — Button (web) Type=Secondary, State=Hover, Critical=yes"
    },
    "NegativeSubduedActive": {
      "$type": "color",
      "$value": "#3b1116",
      "$description": "фон критичной вторичной кнопки при клике или в активном состоянии — Button (web) Type=Secondary, State=Active, Critical=yes"
    },
    "GrayActive": {
      "$type": "color",
      "$value": "{Base.900}"
    },
    "GrayHover": {
      "$type": "color",
      "$value": "{Base.1100}"
    }
  },
  "Figma_Flow": {
    "Section": {
      "$type": "color",
      "$value": "#0d204d"
    }
  }
}