{
  "Elevation": {
    "2 dp": {
      "$type": "shadow",
      "$description": "тень базовой карточки",
      "$value": [
        {
          "offsetX": "0px",
          "offsetY": "0px",
          "blur": "2px",
          "spread": "0px",
          "color": "{core.shadow.black-alpha-1}"
        },
        {
          "offsetX": "0px",
          "offsetY": "2px",
          "blur": "2px",
          "spread": "0px",
          "color": "{core.shadow.black-alpha-3}"
        }
      ]
    },
    "4 dp": {
      "$type": "shadow",
      "$description": "приподнятая базовая карточка, основная контентная часть Консоли и Админки, выпадающие списки селектов, Date Picker, Context Menu, выбранный пункт бокового меню",
      "$value": [
        {
          "offsetX": "0px",
          "offsetY": "0px",
          "blur": "4px",
          "spread": "0px",
          "color": "{core.shadow.black-alpha-3}"
        },
        {
          "offsetX": "0px",
          "offsetY": "4px",
          "blur": "8px",
          "spread": "0px",
          "color": "{core.shadow.black-alpha-2}"
        }
      ]
    },
    "8 dp": {
      "$type": "shadow",
      "$description": "карточки поверх затемнения, Modal Page, Snackbar,",
      "$value": [
        {
          "offsetX": "0px",
          "offsetY": "0px",
          "blur": "2px",
          "spread": "0px",
          "color": "{core.shadow.black-alpha-4}"
        },
        {
          "offsetX": "0px",
          "offsetY": "4px",
          "blur": "16px",
          "spread": "0px",
          "color": "{core.shadow.black-alpha-4}"
        }
      ]
    },
    "12 dp": {
      "$type": "shadow",
      "$value": [
        {
          "offsetX": "0px",
          "offsetY": "0px",
          "blur": "8px",
          "spread": "0px",
          "color": "{core.shadow.black-alpha-6}"
        },
        {
          "offsetX": "0px",
          "offsetY": "16px",
          "blur": "16px",
          "spread": "0px",
          "color": "{core.shadow.black-alpha-4}"
        }
      ]
    },
    "16 dp": {
      "$type": "shadow",
      "$description": "диалоги, tooltip",
      "$value": [
        {
          "offsetX": "0px",
          "offsetY": "0px",
          "blur": "8px",
          "spread": "0px",
          "color": "{core.shadow.black-alpha-6}"
        },
        {
          "offsetX": "0px",
          "offsetY": "16px",
          "blur": "16px",
          "spread": "0px",
          "color": "{core.shadow.black-alpha-8}"
        }
      ]
    }
  }
}