{
  "Hor Border": {
    "$type": "grid",
    "$value": [
      {
        "pattern": "rows",
        "visible": true,
        "alignment": "stretch",
        "color": "#00a3ff40",
        "gutterSize": "0px",
        "count": 1,
        "offset": "0px"
      }
    ]
  },
  "H+V Border": {
    "$type": "grid",
    "$value": [
      {
        "pattern": "rows",
        "visible": true,
        "alignment": "stretch",
        "color": "#00a3ff40",
        "gutterSize": "0px",
        "count": 1,
        "offset": "0px"
      },
      {
        "pattern": "columns",
        "visible": true,
        "alignment": "stretch",
        "color": "#ff00001a",
        "gutterSize": "0px",
        "count": 1,
        "offset": "0px"
      }
    ]
  }
}