{
  "локализация": {
    "alpha_версии": {
      "$type": "string",
      "$value": "Alpha-версии"
    },
    "alpha_тестирование": {
      "$type": "string",
      "$value": "Alpha-тестирование"
    },
    "api_rustore": {
      "$type": "string",
      "$value": "API RuStore"
    },
    "bic_swift_aba_другой_банковский_идентификатор": {
      "$type": "string",
      "$value": "BIC/SWIFT/ABA/другой банковский идентификатор"
    },
    "bic_swift_aba_другой_банковский_идентификатор_банка_корреспондента": {
      "$type": "string",
      "$value": "BIC/SWIFT/ABA/другой банковский идентификатор банка-корреспондента"
    },
    "id_покупки": {
      "$type": "string",
      "$value": "ID покупки"
    },
    "push_уведомления": {
      "$type": "string",
      "$value": "Push-уведомления"
    },
    "rustore_tracer": {
      "$type": "string",
      "$value": "RuStore Tracer"
    },
    "switch_to_english": {
      "$type": "string",
      "$value": "Switch to English"
    },
    "url_сервера": {
      "$type": "string",
      "$value": "URL сервера"
    },
    "vk_карты": {
      "$type": "string",
      "$value": "VK Карты"
    },
    "аналитика_mytracker": {
      "$type": "string",
      "$value": "Аналитика MyTracker"
    },
    "авторизация_vk_id": {
      "$type": "string",
      "$value": "Авторизация VK ID"
    },
    "вовлечение_пользователей": {
      "$type": "string",
      "$value": "Вовлечение пользователей"
    },
    "все_приложения": {
      "$type": "string",
      "$value": "Все приложения"
    },
    "встройте_платежи_в_приложение": {
      "$type": "string",
      "$value": "встройте платежи в приложение"
    },
    "в_эту_стоимость_входит_комиссия_rustore": {
      "$type": "string",
      "$value": "В эту стоимость входит комиссия RuStore."
    },
    "ежемесячные_отчёты": {
      "$type": "string",
      "$value": "Ежемесячные отчёты"
    },
    "заработать_на_рекламе": {
      "$type": "string",
      "$value": "Заработать на рекламе"
    },
    "omicron": {
      "$type": "string",
      "$value": "Omicron"
    },
    "ru": {
      "$type": "string",
      "$value": "RU"
    },
    "russian": {
      "$type": "string",
      "$value": "Russian"
    },
    "агрегатор": {
      "$type": "string",
      "$value": "Агрегатор"
    },
    "админка": {
      "$type": "string",
      "$value": "Админка"
    },
    "адрес": {
      "$type": "string",
      "$value": "Адрес (необязательно)"
    },
    "аналитика": {
      "$type": "string",
      "$value": "Аналитика"
    },
    "блоки": {
      "$type": "string",
      "$value": "Блоки"
    },
    "версии": {
      "$type": "string",
      "$value": "Версии"
    },
    "возвращается": {
      "$type": "string",
      "$value": "Возвращается"
    },
    "возвращено": {
      "$type": "string",
      "$value": "Возвращено"
    },
    "возвращён": {
      "$type": "string",
      "$value": "Возвращён"
    },
    "войти": {
      "$type": "string",
      "$value": "Войти"
    },
    "выплаты": {
      "$type": "string",
      "$value": "Выплаты"
    },
    "грэйс": {
      "$type": "string",
      "$value": "Грэйс"
    },
    "день": {
      "$type": "string",
      "$value": "День"
    },
    "диктатор": {
      "$type": "string",
      "$value": "Диктатор"
    },
    "должность": {
      "$type": "string",
      "$value": "Должность"
    },
    "доступы": {
      "$type": "string",
      "$value": "Доступы"
    },
    "загрузите": {
      "$type": "string",
      "$value": "Загрузите"
    },
    "загружено": {
      "$type": "string",
      "$value": "Загружено"
    },
    "закрыть": {
      "$type": "string",
      "$value": "Закрыть"
    },
    "и": {
      "$type": "string",
      "$value": "и"
    },
    "игры": {
      "$type": "string",
      "$value": "Игры"
    },
    "идентификатор": {
      "$type": "string",
      "$value": "Идентификатор"
    },
    "из": {
      "$type": "string",
      "$value": "из"
    },
    "изменить": {
      "$type": "string",
      "$value": "Изменить"
    },
    "иконка": {
      "$type": "string",
      "$value": "Иконка"
    },
    "имя": {
      "$type": "string",
      "$value": "Имя"
    },
    "инструменты": {
      "$type": "string",
      "$value": "Инструменты"
    },
    "интересное": {
      "$type": "string",
      "$value": "Интересное"
    },
    "карта": {
      "$type": "string",
      "$value": "Карта"
    },
    "компания": {
      "$type": "string",
      "$value": "Компания"
    },
    "консоль": {
      "$type": "string",
      "$value": "Консоль"
    },
    "конфиденциальность": {
      "$type": "string",
      "$value": "Конфиденциальность"
    },
    "купоны": {
      "$type": "string",
      "$value": "Купоны"
    },
    "маруся": {
      "$type": "string",
      "$value": "Маруся"
    },
    "месяц": {
      "$type": "string",
      "$value": "Месяц"
    },
    "название": {
      "$type": "string",
      "$value": "Название"
    },
    "номер": {
      "$type": "string",
      "$value": "Номер"
    },
    "модерация": {
      "$type": "string",
      "$value": "Модерация"
    },
    "монетизация": {
      "$type": "string",
      "$value": "Монетизация"
    },
    "обзор": {
      "$type": "string",
      "$value": "Обзор"
    },
    "описание": {
      "$type": "string",
      "$value": "Описание"
    },
    "оплачено": {
      "$type": "string",
      "$value": "Оплачено"
    },
    "опубликовано": {
      "$type": "string",
      "$value": "Опубликовано"
    },
    "опубликована": {
      "$type": "string",
      "$value": "Опубликована"
    },
    "опубликовать": {
      "$type": "string",
      "$value": "Опубликовать"
    },
    "отмена": {
      "$type": "string",
      "$value": "Отмена"
    },
    "отменено": {
      "$type": "string",
      "$value": "Отменено"
    },
    "отправить": {
      "$type": "string",
      "$value": "Отправить"
    },
    "отзывы": {
      "$type": "string",
      "$value": "Отзывы"
    },
    "отчество": {
      "$type": "string",
      "$value": "Отчество (если есть)"
    },
    "период": {
      "$type": "string",
      "$value": "Период"
    },
    "платежи": {
      "$type": "string",
      "$value": "Платежи"
    },
    "подписки": {
      "$type": "string",
      "$value": "Подписки"
    },
    "подробнее": {
      "$type": "string",
      "$value": "Подробнее"
    },
    "постмодерация": {
      "$type": "string",
      "$value": "Постмодерация"
    },
    "приложения": {
      "$type": "string",
      "$value": "Приложения"
    },
    "продвижение": {
      "$type": "string",
      "$value": "Продвижение"
    },
    "проекты": {
      "$type": "string",
      "$value": "Проекты"
    },
    "разработка": {
      "$type": "string",
      "$value": "Разработка"
    },
    "разработчик": {
      "$type": "string",
      "$value": "Разработчик"
    },
    "разработчики": {
      "$type": "string",
      "$value": "Разработчики"
    },
    "расходуемый": {
      "$type": "string",
      "$value": "Расходуемый"
    },
    "редактировать": {
      "$type": "string",
      "$value": "Редактировать"
    },
    "реклама": {
      "$type": "string",
      "$value": "Реклама"
    },
    "рекламодатели": {
      "$type": "string",
      "$value": "Рекламодатели"
    },
    "рекомендации": {
      "$type": "string",
      "$value": "Рекомендации"
    },
    "события": {
      "$type": "string",
      "$value": "События"
    },
    "создать": {
      "$type": "string",
      "$value": "Создать"
    },
    "создано": {
      "$type": "string",
      "$value": "Создано"
    },
    "статистика": {
      "$type": "string",
      "$value": "Статистика"
    },
    "статус": {
      "$type": "string",
      "$value": "Статус"
    },
    "стоимость": {
      "$type": "string",
      "$value": "Стоимость, ₽"
    },
    "страниц": {
      "$type": "string",
      "$value": "страниц"
    },
    "строк": {
      "$type": "string",
      "$value": "строк"
    },
    "сумма": {
      "$type": "string",
      "$value": "Сумма, ₽"
    },
    "счёт": {
      "$type": "string",
      "$value": "Счёт"
    },
    "телефон": {
      "$type": "string",
      "$value": "Телефон (необязательно)"
    },
    "тестирование": {
      "$type": "string",
      "$value": "Тестирование"
    },
    "тестировщики": {
      "$type": "string",
      "$value": "Тестировщики"
    },
    "тип": {
      "$type": "string",
      "$value": "Тип"
    },
    "удалить": {
      "$type": "string",
      "$value": "Удалить"
    },
    "фамилия": {
      "$type": "string",
      "$value": "Фамилия"
    },
    "формат": {
      "$type": "string",
      "$value": "Формат:"
    },
    "холд": {
      "$type": "string",
      "$value": "Холд"
    },
    "черновик": {
      "$type": "string",
      "$value": "Черновик"
    },
    "заявки_на_события": {
      "$type": "string",
      "$value": "Заявки на события"
    },
    "заявления_на_монетизацию": {
      "$type": "string",
      "$value": "Заявления на монетизацию"
    },
    "инструменты_rustore": {
      "$type": "string",
      "$value": "Инструменты RuStore"
    },
    "информация_о_приложении": {
      "$type": "string",
      "$value": "Информация о приложении"
    },
    "карты_и_геосервисы": {
      "$type": "string",
      "$value": "Карты и геосервисы"
    },
    "константин_к": {
      "$type": "string",
      "$value": "Константин К."
    },
    "личная_информация": {
      "$type": "string",
      "$value": "Личная информация"
    },
    "модерация_агрегаторов": {
      "$type": "string",
      "$value": "Модерация агрегаторов"
    },
    "модерация_приложений": {
      "$type": "string",
      "$value": "Модерация приложений"
    },
    "модерация_разработчиков": {
      "$type": "string",
      "$value": "Модерация разработчиков"
    },
    "название_и_описание_будут_видны_пользователям_в_вашем_приложении_и_интерфейсе_rustore": {
      "$type": "string",
      "$value": "Название и описание будут видны пользователям в вашем приложении и интерфейсе RuStore"
    },
    "название_раздела_работает_в_режиме_тестирования": {
      "$type": "string",
      "$value": "*Название раздела* работает в режиме тестирования. Если возникли трудности, напишите в поддержку"
    },
    "название_товара": {
      "$type": "string",
      "$value": "Название товара"
    },
    "написать_в_поддержку": {
      "$type": "string",
      "$value": "Написать в поддержку"
    },
    "настраиваемые_каталоги": {
      "$type": "string",
      "$value": "Настраиваемые каталоги"
    },
    "настройка_уведомлений": {
      "$type": "string",
      "$value": "Настройка уведомлений"
    },
    "настройте_ее_условия": {
      "$type": "string",
      "$value": "Настройте ее условия"
    },
    "новая_подписка": {
      "$type": "string",
      "$value": "Новая подписка"
    },
    "номер_заказа": {
      "$type": "string",
      "$value": "Номер заказа"
    },
    "ооо_«вк»": {
      "$type": "string",
      "$value": "ООО «ВК»"
    },
    "подпись_приложения": {
      "$type": "string",
      "$value": "Подпись приложения"
    },
    "пользовательское_соглашение": {
      "$type": "string",
      "$value": "Пользовательское соглашение"
    },
    "приложения_для_tv": {
      "$type": "string",
      "$value": "Приложения для TV"
    },
    "проверка_безопасности_приложений": {
      "$type": "string",
      "$value": "Проверка безопасности приложений"
    },
    "товары": {
      "$type": "string",
      "$value": "Товары"
    },
    "расчёты_с_самозанятыми": {
      "$type": "string",
      "$value": "Расчёты с самозанятыми"
    },
    "рекламировать_приложение": {
      "$type": "string",
      "$value": "Рекламировать приложение"
    },
    "сертификат_для_ос_аврора": {
      "$type": "string",
      "$value": "Сертификат для ОС Аврора"
    },
    "соглашение_о_распространении": {
      "$type": "string",
      "$value": "Соглашение о распространении"
    },
    "способ_оплаты": {
      "$type": "string",
      "$value": "Способ оплаты"
    },
    "справочник_категорий": {
      "$type": "string",
      "$value": "Справочник категорий"
    },
    "справочник_разработчика": {
      "$type": "string",
      "$value": "Справочник разработчика"
    },
    "ссылки_на_скачивание": {
      "$type": "string",
      "$value": "Ссылки на скачивание"
    },
    "статистика_по_push_уведомлениям": {
      "$type": "string",
      "$value": "Статистика по Push-уведомлениям"
    },
    "статистика_по_платежам": {
      "$type": "string",
      "$value": "Статистика по платежам"
    },
    "статистика_по_приложению": {
      "$type": "string",
      "$value": "Статистика по приложению"
    },
    "статус_по_приложениям": {
      "$type": "string",
      "$value": "Статус по приложениям"
    },
    "страны_и_регионы": {
      "$type": "string",
      "$value": "Страны и регионы"
    },
    "строк_на_странице": {
      "$type": "string",
      "$value": "строк на странице"
    },
    "тестовые_платежи": {
      "$type": "string",
      "$value": "Тестовые платежи"
    },
    "уведомления_на_сервер": {
      "$type": "string",
      "$value": "Уведомления на сервер"
    },
    "управление_доступами": {
      "$type": "string",
      "$value": "Управление доступами"
    },
    "все_платежи": {
      "$type": "string",
      "$value": "Все платежи"
    },
    "пн": {
      "$type": "string",
      "$value": "Пн"
    },
    "вт": {
      "$type": "string",
      "$value": "Вт"
    },
    "ср": {
      "$type": "string",
      "$value": "Ср"
    },
    "чт": {
      "$type": "string",
      "$value": "Чт"
    },
    "пт": {
      "$type": "string",
      "$value": "Пт"
    },
    "сб": {
      "$type": "string",
      "$value": "Сб"
    },
    "вс": {
      "$type": "string",
      "$value": "Вс"
    },
    "январь": {
      "$type": "string",
      "$value": "Январь"
    },
    "февраль": {
      "$type": "string",
      "$value": "Февраль"
    },
    "март": {
      "$type": "string",
      "$value": "Март"
    },
    "апрель": {
      "$type": "string",
      "$value": "Апрель"
    },
    "май": {
      "$type": "string",
      "$value": "Май"
    },
    "июнь": {
      "$type": "string",
      "$value": "Июнь"
    },
    "июль": {
      "$type": "string",
      "$value": "Июль"
    },
    "август": {
      "$type": "string",
      "$value": "Август"
    },
    "сентябрь": {
      "$type": "string",
      "$value": "Сентябрь"
    },
    "октябрь": {
      "$type": "string",
      "$value": "Октябрь"
    },
    "ноябрь": {
      "$type": "string",
      "$value": "Ноябрь"
    },
    "декабрь": {
      "$type": "string",
      "$value": "Декабрь"
    },
    "дата": {
      "$type": "string",
      "$value": "Дата"
    },
    "дд": {
      "$type": "string",
      "$value": "дд"
    },
    "мм": {
      "$type": "string",
      "$value": "мм"
    },
    "гггг": {
      "$type": "string",
      "$value": "гггг"
    },
    "управление_подборками": {
      "$type": "string",
      "$value": "Управление подборками"
    },
    "управление_ролями": {
      "$type": "string",
      "$value": "Управление ролями"
    },
    "общая_информация": {
      "$type": "string",
      "$value": "Общая информация"
    },
    "финансовые_отчёты": {
      "$type": "string",
      "$value": "Финансовые отчёты"
    },
    "миллионы_треков_и_тысячи_аудиокниг_без_ограничений_бесплатно_для_новых_пользователей_и_тех_у_кого_не_было_подписки_более_6_месяцев_cлушайте_всё_что_нравится_без_рекламы_интернета_и_с_выключенным_экраном": {
      "$type": "string",
      "$value": "Миллионы треков и тысячи аудиокниг без ограничений: бесплатно для новых пользователей и тех, у кого не было подписки более 6 месяцев. Слушайте всё, что нравится, — без рекламы, интернета и с выключенным экраном"
    },
    "пользователь_бесплатно_пользуется_подпиской_до_момента_старта_затем_начинается_списание": {
      "$type": "string",
      "$value": "Пользователь бесплатно пользуется подпиской до момента старта, затем начинается списание"
    },
    "подробнее_в_справочнике_разработчика": {
      "$type": "string",
      "$value": "Подробнее в справочнике разработчика"
    },
    "покупка_цифрового_контента": {
      "$type": "string",
      "$value": "Покупка цифрового контента"
    },
    "пес_самурай_и_город_кошек": {
      "$type": "string",
      "$value": "Пес-самурай и город кошек"
    },
    "периодичность_и_стоимость_подписки": {
      "$type": "string",
      "$value": "Периодичность и стоимость подписки"
    },
    "идентификатор_должен_быть_уникальным_внутри_приложения_можно_использовать_латинские_буквы_цифры_и_символы_после_сохранения_данных_это_поле_нельзя_будет_отредактировать": {
      "$type": "string",
      "$value": "Идентификатор должен быть уникальным внутри приложения. Можно использовать латинские буквы, цифры и символы. После сохранения данных это поле нельзя будет отредактировать"
    },
    "информация_для_пользователей": {
      "$type": "string",
      "$value": "Информация для пользователей"
    },
    "техническая_информация": {
      "$type": "string",
      "$value": "Техническая информация"
    },
    "как_приручить_дракона_3": {
      "$type": "string",
      "$value": "Как приручить дракона 3"
    },
    "каталог_sdk": {
      "$type": "string",
      "$value": "Каталог SDK"
    },
    "ежемесячная_подписка_на_кино_и_сериалы": {
      "$type": "string",
      "$value": "Ежемесячная подписка на кино и сериалы"
    },
    "рик_и_морти": {
      "$type": "string",
      "$value": "Рик и Морти"
    },
    "дом_дракона": {
      "$type": "string",
      "$value": "Дом дракона"
    },
    "добавьте_первую_подписку": {
      "$type": "string",
      "$value": "Добавьте первую подписку"
    },
    "дополнительные_настройки": {
      "$type": "string",
      "$value": "Дополнительные настройки"
    },
    "длительность_периода": {
      "$type": "string",
      "$value": "Длительность периода"
    },
    "бесплатная_подписка_на_3_месяца": {
      "$type": "string",
      "$value": "Бесплатная подписка на 3 месяца"
    },
    "бесплатный_период": {
      "$type": "string",
      "$value": "Бесплатный период"
    },
    "стартовый_период": {
      "$type": "string",
      "$value": "Стартовый период"
    },
    "запускается_перед_основным": {
      "$type": "string",
      "$value": "Запускается перед основным"
    },
    "подписка_действует_и_происходят_попытки_списания_денежных_средств_у_пользователя_мобильного_приложения": {
      "$type": "string",
      "$value": "Подписка действует, и происходят попытки списания денежных средств у пользователя мобильного приложения"
    },
    "подписка_неактивна_но_происходят_попытки_списания_денежных_средств_у_пользователя_мобильного_приложения": {
      "$type": "string",
      "$value": "Подписка неактивна, но происходят попытки списания денежных средств у пользователя мобильного приложения"
    },
    "иконка_для_пользователей_(необязательно)": {
      "$type": "string",
      "$value": "Иконка для пользователей (необязательно)"
    },
    "безопасная_среда_для_тестирования_покупок_и_подписок_в_приложении": {
      "$type": "string",
      "$value": "Безопасная среда для тестирования покупок и подписок в приложении."
    },
    "история_платежей": {
      "$type": "string",
      "$value": "История платежей"
    },
    "имя_пользователя": {
      "$type": "string",
      "$value": "Имя пользователя"
    },
    "режим_тестирования": {
      "$type": "string",
      "$value": "Режим тестирования"
    },
    "иван_сидоров": {
      "$type": "string",
      "$value": "Иван Сидоров"
    },
    "в_режиме_тестирования_сотрудник_не_сможет_платить_реальной_картой_в_приложении": {
      "$type": "string",
      "$value": "В режиме тестирования сотрудник не сможет платить реальной картой в приложении"
    },
    "добавлять_и_удалять_пользователей_можно_в_разделе": {
      "$type": "string",
      "$value": "Добавлять и удалять пользователей можно в разделе"
    },
    "они_будут": {
      "$type": "string",
      "$value": ", они будут"
    },
    "дублироваться_здесь_с_выключенным_по_умолчанию_режимом_тестирования": {
      "$type": "string",
      "$value": "дублироваться здесь с выключенным по умолчанию режимом тестирования"
    },
    "теперь_иван_сидоров_может_совершать_тестовые_платежи_в_приложении": {
      "$type": "string",
      "$value": "Теперь Иван Сидоров может совершать тестовые платежи в приложении"
    },
    "инструкция_по_встраиванию_платежей_в_приложение": {
      "$type": "string",
      "$value": "Инструкция по встраиванию платежей в приложение"
    },
    "заполните_заявление_чтобы_подключить_монетизацию": {
      "$type": "string",
      "$value": "Заполните заявление, чтобы подключить монетизацию"
    },
    "ознакомьтесь_со_списком_документов": {
      "$type": "string",
      "$value": "Ознакомьтесь со списком документов"
    },
    "в_инструкции_по_подключению_монетизации": {
      "$type": "string",
      "$value": "в Инструкции по подключению монетизации"
    },
    "сейчас_используются_стандартные_условия_монетизации,_если_вам_нужны_индивидуальные": {
      "$type": "string",
      "$value": "Сейчас используются стандартные условия монетизации, если вам нужны индивидуальные,"
    },
    "дата_создания_счёта": {
      "$type": "string",
      "$value": "Дата создания счёта"
    },
    "последние_4_цифры_карты": {
      "$type": "string",
      "$value": "Последние 4 цифры карты"
    },
    "итого_сумма_платежа": {
      "$type": "string",
      "$value": "Итого сумма платежа"
    },
    "вернуть_платёж_по_счёту": {
      "$type": "string",
      "$value": "Вернуть платёж по счёту №3467459?"
    },
    "деньги_вернутся_пользователю_в_течение_10_рабочих_дней_при_этом_подписка_продолжит_действовать": {
      "$type": "string",
      "$value": "Деньги вернутся пользователю в течение 10 рабочих дней, при этом подписка продолжит действовать"
    },
    "напишите_в_поддержку": {
      "$type": "string",
      "$value": "напишите в поддержку"
    },
    "инструкция_по_подключению": {
      "$type": "string",
      "$value": "Инструкция по подключению"
    },
    "дополнительное_соглашение": {
      "$type": "string",
      "$value": "Дополнительное соглашение"
    },
    "заполнить_заявление": {
      "$type": "string",
      "$value": "Заполнить заявление"
    },
    "заявление_на_монетизацию": {
      "$type": "string",
      "$value": "Заявление на монетизацию"
    },
    "заполните_форму_если_у_вас_возникли_вопросы": {
      "$type": "string",
      "$value": "Заполните форму, если у вас возникли вопросы,"
    },
    "основная_информация": {
      "$type": "string",
      "$value": "Основная информация"
    },
    "информация_о_компании": {
      "$type": "string",
      "$value": "Информация о компании"
    },
    "контакты_для_пользователей_по_вопросам_поддержки_и_претензий": {
      "$type": "string",
      "$value": "Контакты для пользователей по вопросам поддержки и претензий"
    },
    "информация_о_договоре": {
      "$type": "string",
      "$value": "Информация о договоре"
    },
    "рекламные_сети": {
      "$type": "string",
      "$value": "Рекламные сети"
    },
    "банковские_реквизиты": {
      "$type": "string",
      "$value": "Банковские реквизиты"
    },
    "банковские_реквизиты_компании": {
      "$type": "string",
      "$value": "Банковские реквизиты компании"
    },
    "выберите_файл": {
      "$type": "string",
      "$value": "Выберите файл"
    },
    "перейти_к_отправке_заявления": {
      "$type": "string",
      "$value": "Перейти к отправке заявления"
    },
    "банковские_реквизиты_банка_корреспондента_(необязательно)": {
      "$type": "string",
      "$value": "Банковские реквизиты банка-корреспондента (необязательно)"
    },
    "очистить_всё": {
      "$type": "string",
      "$value": "Очистить всё"
    },
    "торговое_название_компании": {
      "$type": "string",
      "$value": "Торговое название компании"
    },
    "юридическое_название_компании": {
      "$type": "string",
      "$value": "Юридическое название компании"
    },
    "представитель_отличается_от_владельца_компании": {
      "$type": "string",
      "$value": "Представитель отличается от владельца компании"
    },
    "заполните_данные_если_представитель_отличается_от_владельца_компании": {
      "$type": "string",
      "$value": "Заполните данные, если представитель отличается от владельца компании"
    },
    "документ_основание_прав_представителя": {
      "$type": "string",
      "$value": "Документ-основание прав представителя"
    },
    "файлов_размером_не_более": {
      "$type": "string",
      "$value": "файлов размером не более"
    },
    "налоговый_номер": {
      "$type": "string",
      "$value": "Налоговый номер"
    },
    "юридический_адрес": {
      "$type": "string",
      "$value": "Юридический адрес"
    },
    "фактический_адрес_отличается_от_юридического": {
      "$type": "string",
      "$value": "Фактический адрес отличается от юридического"
    },
    "вы_можете_указать_несколько_адресов_через_запятую": {
      "$type": "string",
      "$value": "Вы можете указать несколько адресов через запятую"
    },
    "ссылки_на_мессенджеры_формы_обратной_связи_(необязательно)": {
      "$type": "string",
      "$value": "Ссылки на мессенджеры, формы обратной связи (необязательно)"
    },
    "имя_главного_бухгалтера": {
      "$type": "string",
      "$value": "Имя главного бухгалтера"
    },
    "бухгалтерская_отчетность": {
      "$type": "string",
      "$value": "Бухгалтерская отчетность"
    },
    "документ_подтверждающий_налоговое_резидентство_компании": {
      "$type": "string",
      "$value": "Документ, подтверждающий налоговое резидентство компании"
    },
    "валюта_расчётов": {
      "$type": "string",
      "$value": "Валюта расчётов"
    },
    "наименование_банка_получателя": {
      "$type": "string",
      "$value": "Наименование банка получателя"
    },
    "адрес_банка_получателя": {
      "$type": "string",
      "$value": "Адрес банка получателя"
    },
    "номер_счёта_получателя_(или_iban,_если_применимо)": {
      "$type": "string",
      "$value": "Номер счёта получателя (или IBAN, если применимо)"
    },
    "корреспондентский_счёт_банка": {
      "$type": "string",
      "$value": "Корреспондентский счёт банка"
    },
    "наименование_банка_корреспондента": {
      "$type": "string",
      "$value": "Наименование банка-корреспондента"
    },
    "номер_счёта_банка_корреспондента": {
      "$type": "string",
      "$value": "Номер счёта банка-корреспондента"
    },
    "данные_автоматически_сохраняются_вы_можете_вернуться_к_заполнению_в_любое_время": {
      "$type": "string",
      "$value": "Данные автоматически сохраняются, вы можете вернуться к заполнению в любое время"
    },
    "не_опубликовано": {
      "$type": "string",
      "$value": "Не опубликовано"
    },
    "не_активно": {
      "$type": "string",
      "$value": "Не активно"
    },
    "подборки_в_поиске": {
      "$type": "string",
      "$value": "Подборки в поиске"
    },
    "показать_ещё": {
      "$type": "string",
      "$value": "Показать ещё"
    },
    "отправлять_уведомления": {
      "$type": "string",
      "$value": "Отправлять уведомления"
    },
    "обновить_ключ": {
      "$type": "string",
      "$value": "Обновить ключ"
    },
    "уведомления_о_платежах_будут_приходить_на_указанный_сервер": {
      "$type": "string",
      "$value": "Уведомления о платежах будут приходить на указанный сервер"
    },
    "ключ_расшифровки": {
      "$type": "string",
      "$value": "Ключ расшифровки"
    },
    "сгенерирован": {
      "$type": "string",
      "$value": "Сгенерирован 27.03.2024"
    },
    "тестовое_уведомление": {
      "$type": "string",
      "$value": "Тестовое уведомление"
    },
    "отправлять_уведомления_можно_один_раз_в_30_секунд": {
      "$type": "string",
      "$value": "Отправлять уведомления можно один раз в 30 секунд"
    },
    "деловой_помощник": {
      "$type": "string",
      "$value": "Деловой помощник"
    },
    "медитация_премиум_пакет": {
      "$type": "string",
      "$value": "Медитация премиум пакет"
    },
    "месячная_подписка": {
      "$type": "string",
      "$value": "Месячная подписка"
    },
    "недельная_подписка_по_бегу": {
      "$type": "string",
      "$value": "Недельная подписка по бегу"
    },
    "детские_обучающие_игры": {
      "$type": "string",
      "$value": "Детские обучающие игры"
    },
    "подписка_обработки_фото": {
      "$type": "string",
      "$value": "Подписка обработки фото"
    },
    "годовая_подписка_на_TV": {
      "$type": "string",
      "$value": "Годовая подписка на TV"
    },
    "1_день": {
      "$type": "string",
      "$value": "1 день"
    },
    "1_месяц": {
      "$type": "string",
      "$value": "1 месяц"
    },
    "1_год": {
      "$type": "string",
      "$value": "1 год"
    },
    "100_Кристаллов": {
      "$type": "string",
      "$value": "100 Кристаллов"
    },
    "безлимитный_просмотр_фильма_в_hd": {
      "$type": "string",
      "$value": "Безлимитный просмотр фильма в HD"
    },
    "вернуть_платёж": {
      "$type": "string",
      "$value": "Вернуть платёж"
    },
    "ждет_подтверждения": {
      "$type": "string",
      "$value": "Ждёт подтверждения"
    },
    "позволяют_купить_снаряжение": {
      "$type": "string",
      "$value": "Позволяют купить снаряжение"
    },
    "новый_товар": {
      "$type": "string",
      "$value": "Новый товар"
    },
    "добавьте_первый_товар_настройте_его_условия": {
      "$type": "string",
      "$value": "Добавьте первый товар, настройте его условия"
    },
    "и_встройте_платежи_в_приложение": {
      "$type": "string",
      "$value": "и встройте платежи в приложение"
    },
    "здесь_вы_можете_добавлять_скидочные_купоны_на_покупки_в_вашем_приложении,_чтобы_делиться_ссылкой_на_них_с_пользователями": {
      "$type": "string",
      "$value": "Здесь вы можете добавлять скидочные купоны на покупки в вашем приложении, чтобы делиться ссылкой на них с пользователями"
    },
    "инструкция_по_использованию": {
      "$type": "string",
      "$value": "Инструкция по использованию"
    },
    "добавьте_купоны": {
      "$type": "string",
      "$value": "Добавьте купоны"
    },
    "Заполните_данные_настройте_условия_и_получите_ссылку_на_купоны_для_пользователей": {
      "$type": "string",
      "$value": "Заполните данные, настройте условия и получите ссылку на купоны для пользователей"
    },
    "новые_купоны": {
      "$type": "string",
      "$value": "Новые купоны"
    },
    "в_монетизации_появился_новый_раздел_купоны_вы_сможете_добавлять_скидочные_купоны_на_покупки_в_вашем_приложении_чтобы_делиться_ссылками_на_них_с_пользователями_используйте_купоны_для_привлечения_клиентов_повышения_лояльности_и_увеличения_продаж": {
      "$type": "string",
      "$value": "В Монетизации появился новый раздел «Купоны». Вы сможете добавлять скидочные купоны на покупки в вашем приложении, чтобы делиться ссылками на них с пользователями. Используйте купоны для привлечения клиентов, повышения лояльности и увеличения продаж"
    },
    "добавить_купоны": {
      "$type": "string",
      "$value": "Добавить купоны"
    },
    "название_в_консоли": {
      "$type": "string",
      "$value": "Название в консоли"
    },
    "количество": {
      "$type": "string",
      "$value": "Количество"
    },
    "скидка": {
      "$type": "string",
      "$value": "Скидка, ₽"
    },
    "дата_создания": {
      "$type": "string",
      "$value": "Дата создания"
    },
    "действует_до": {
      "$type": "string",
      "$value": "Действует до"
    },
    "статус_ссылки": {
      "$type": "string",
      "$value": "Статус ссылки"
    },
    "активна": {
      "$type": "string",
      "$value": "Активна"
    },
    "истекла": {
      "$type": "string",
      "$value": "Истекла"
    },
    "купоны_выданы": {
      "$type": "string",
      "$value": "Купоны выданы"
    },
    "удалена": {
      "$type": "string",
      "$value": "Удалена"
    },
    "копировать_ссылку": {
      "$type": "string",
      "$value": "Копировать ссылку"
    },
    "удалить_ссылку": {
      "$type": "string",
      "$value": "Удалить ссылку"
    },
    "удалить_ссылку?": {
      "$type": "string",
      "$value": "Удалить ссылку?"
    },
    "ссылка_удалена": {
      "$type": "string",
      "$value": "Ссылка удалена"
    },
    "пользователи_которые_успели_активировать_по_ней_купон_всё_равно_смогут_его_использовать": {
      "$type": "string",
      "$value": "Пользователи, которые успели активировать по ней купон, всё равно смогут его использовать"
    },
    "период_действия_ссылки": {
      "$type": "string",
      "$value": "Период действия ссылки"
    },
    "с_момента_генерации": {
      "$type": "string",
      "$value": "С момента генерации"
    },
    "купон_активируется_в_день_выпуска_и_будет_действовать_указанный_вами_срок": {
      "$type": "string",
      "$value": "Купон активируется в день выпуска и будет действовать указанный вами срок"
    },
    "сумма_скидки": {
      "$type": "string",
      "$value": "Сумма скидки, ₽"
    },
    "сумма_не_должна_быть_равна_нулю": {
      "$type": "string",
      "$value": "Сумма не должна быть равна нулю"
    },
    "фиксированный_период": {
      "$type": "string",
      "$value": "Фиксированный период"
    },
    "купон_начнёт_действовать_с_указанной_вами_даты": {
      "$type": "string",
      "$value": "Купон начнёт действовать с указанной вами даты"
    },
    "начало_периода": {
      "$type": "string",
      "$value": "Начало периода"
    },
    "монетизация_заблокирована": {
      "$type": "string",
      "$value": "Монетизация заблокирована"
    },
    "заметили_нарушение_по_платежам_чтобы_разблокировать_монетизацию_напишите_в_поддержку": {
      "$type": "string",
      "$value": "Заметили нарушение по платежам. Чтобы разблокировать монетизацию, напишите в поддержку"
    },
    "монетизация_ещё_не_подключена": {
      "$type": "string",
      "$value": "Монетизация ещё не подключена"
    },
    "после_подключения_вы_сможете_добавлять_купоны_для_своего_приложения": {
      "$type": "string",
      "$value": "После подключения вы сможете добавлять купоны для своего приложения"
    },
    "подключить_монетизацию": {
      "$type": "string",
      "$value": "Подключить монетизацию"
    },
    "владелец_приложения_пока_не_подключил_монетизацию": {
      "$type": "string",
      "$value": "Владелец приложения пока не подключил монетизацию"
    },
    "после_подключения_вы_сможете_создавать_товары_и_подписки_для_продажи_в_приложениях": {
      "$type": "string",
      "$value": "После подключения вы сможете создавать товары и подписки для продажи в приложениях"
    },
    "комментарий_в_консоли_(необязательно)": {
      "$type": "string",
      "$value": "Комментарий в консоли (необязательно)"
    },
    "комментарий_в_консоли": {
      "$type": "string",
      "$value": "Комментарий в консоли"
    },
    "информация_на_купонах": {
      "$type": "string",
      "$value": "Информация на купонах"
    },
    "краткое_описание": {
      "$type": "string",
      "$value": "Краткое описание"
    },
    "подробное_описание": {
      "$type": "string",
      "$value": "Подробное описание"
    },
    "группа_товаров": {
      "$type": "string",
      "$value": "Группа товаров"
    },
    "минимальная_стоимость_товара_для_скидки": {
      "$type": "string",
      "$value": "Минимальная стоимость товара для скидки, ₽"
    },
    "срок_действия_купонов_и_размер_скидки": {
      "$type": "string",
      "$value": "Срок действия купонов и размер скидки"
    },
    "тип_периода": {
      "$type": "string",
      "$value": "Тип периода"
    },
    "период_действия": {
      "$type": "string",
      "$value": "Период действия"
    },
    "количество_купонов": {
      "$type": "string",
      "$value": "Количество купонов, шт."
    },
    "период_действия_ссылки_на_получение_купонов": {
      "$type": "string",
      "$value": "Период действия ссылки на получение купонов"
    },
    "конец_периода": {
      "$type": "string",
      "$value": "Конец периода"
    },
    "купонов_выдано": {
      "$type": "string",
      "$value": "Купонов выдано (из 1000)"
    },
    "ссылка_на_купоны_для_пользователей": {
      "$type": "string",
      "$value": "Ссылка на купоны для пользователей"
    },
    "пока_монетизация_доступна_только_юрлицам_и_резидентам_РФ": {
      "$type": "string",
      "$value": "Пока монетизация доступна только юрлицам  и резидентам РФ"
    },
    "мы_сообщим,_когда_она_станет_доступна_для_нерезидентов": {
      "$type": "string",
      "$value": "Мы сообщим, когда она станет доступна для нерезидентов"
    },
    "все_товары": {
      "$type": "string",
      "$value": "Все товары"
    },
    "только_расходуемые": {
      "$type": "string",
      "$value": "Только расходуемые"
    },
    "только_нерасходуемые": {
      "$type": "string",
      "$value": "Только нерасходуемые"
    },
    "указать_минимальную_стоимость_товара": {
      "$type": "string",
      "$value": "Указать минимальную стоимость товара"
    },
    "купон_можно_будет_использовать_только_на_товары_не_ниже_указанной_стоимости": {
      "$type": "string",
      "$value": "Купон можно будет использовать только на товары не ниже указанной стоимости"
    },
    "отменить_добавление_купонов_вся_информация_о_них_будет_удалена": {
      "$type": "string",
      "$value": "Отменить добавление купонов? Вся информация о них будет удалена"
    },
    "от_1000": {
      "$type": "string",
      "$value": "от 1 000"
    },
    "действует_до_23:59:59": {
      "$type": "string",
      "$value": "Действует до 23:59:59"
    },
    "от_1_до_1_000_000": {
      "$type": "string",
      "$value": "От 1 до 1 000 000 "
    },
    "до_50_000": {
      "$type": "string",
      "$value": "До 50 000"
    },
    "добавить": {
      "$type": "string",
      "$value": "Добавить"
    },
    "максимум_90_дней": {
      "$type": "string",
      "$value": "Максимум 90 дней"
    },
    "срок_действия_в_днях": {
      "$type": "string",
      "$value": "Срок действия в днях"
    },
    "видна_пользователям": {
      "$type": "string",
      "$value": "Видна пользователям"
    },
    "с_момента_открытия_ссылки": {
      "$type": "string",
      "$value": "С момента открытия ссылки"
    },
    "купон_активируется_пользователем_при_открытии_ссылки_и_действует_указанный_срок": {
      "$type": "string",
      "$value": "Купон активируется пользователем при открытии ссылки и действует указанный срок"
    },
    "купон_будет_действовать_только_в_этот_период": {
      "$type": "string",
      "$value": "Купон будет действовать только в этот период"
    },
    "скидка_300_на_сумму_от_1000": {
      "$type": "string",
      "$value": "Скидка 300 ₽ на сумму от 1000 ₽"
    },
    "на_все_товары_от_1000": {
      "$type": "string",
      "$value": "На все товары от 1000 ₽"
    },
    "используйте_купон_чтобы_сэкономить_на_любой_покупке_от_1000_спешите_акция_ограничена_во_времени": {
      "$type": "string",
      "$value": "Используйте купон, чтобы сэкономить на любой покупке от 1000 ₽. Спешите, акция ограничена во времени!"
    },
    "APK_или_AAB_не_более_5_GB": {
      "$type": "string",
      "$value": "APK или AAB не более 5 GB"
    },
    "Версия": {
      "$type": "string",
      "$value": "Версия"
    },
    "Дата_загрузки": {
      "$type": "string",
      "$value": "Дата загрузки"
    },
    "Публикация": {
      "$type": "string",
      "$value": "Публикация"
    },
    "Аудитория,_%": {
      "$type": "string",
      "$value": "Аудитория, %"
    },
    "Частично_опубликована": {
      "$type": "string",
      "$value": "Частично опубликована"
    },
    "Последняя_активная": {
      "$type": "string",
      "$value": "Последняя активная"
    },
    "Готова_к_публикации": {
      "$type": "string",
      "$value": "Готова к публикации"
    },
    "Ожидает_модерацию": {
      "$type": "string",
      "$value": "Ожидает модерацию"
    },
    "Модерация_не_пройдена": {
      "$type": "string",
      "$value": "Модерация не пройдена"
    },
    "Ручная": {
      "$type": "string",
      "$value": "Ручная"
    },
    "Автоматическая": {
      "$type": "string",
      "$value": "Автоматическая"
    },
    "Архив_версий": {
      "$type": "string",
      "$value": "Архив версий"
    },
    "Архивная": {
      "$type": "string",
      "$value": "Архивная"
    },
    "Загрузить_версию": {
      "$type": "string",
      "$value": "Загрузить версию"
    },
    "Здесь_будет_список_версий_в_архиве": {
      "$type": "string",
      "$value": "Здесь будет список версий в архиве"
    },
    "Для_телефона": {
      "$type": "string",
      "$value": "Для телефона"
    },
    "Для_планшета": {
      "$type": "string",
      "$value": "Для планшета"
    },
    "Для_ТВ": {
      "$type": "string",
      "$value": "Для ТВ"
    },
    "Возраст": {
      "$type": "string",
      "$value": "Возраст"
    },
    "Размер": {
      "$type": "string",
      "$value": "Размер"
    },
    "Скриншоты": {
      "$type": "string",
      "$value": "Скриншоты"
    },
    "Поисковые_теги": {
      "$type": "string",
      "$value": "Поисковые теги"
    },
    "Описание_приложения": {
      "$type": "string",
      "$value": "Описание приложения"
    },
    "Что_нового": {
      "$type": "string",
      "$value": "Что нового"
    },
    "Комментарий_модератора": {
      "$type": "string",
      "$value": "Комментарий модератора"
    },
    "Комментарий_разработчика": {
      "$type": "string",
      "$value": "Комментарий разработчика"
    },
    "Полезные_инструменты": {
      "$type": "string",
      "$value": "Полезные инструменты"
    },
    "Архивировать_версию_Ver1?": {
      "$type": "string",
      "$value": "Архивировать версию Ver1?"
    },
    "Файлы_APK_или_AAB_будут_удалены,_но_вы_сможете_создать_дубликат_версии_с_описанием_и_остальными_данными": {
      "$type": "string",
      "$value": "Файлы APK или AAB будут удалены, но вы сможете создать дубликат версии с описанием и остальными данными"
    },
    "Архивировать": {
      "$type": "string",
      "$value": "Архивировать"
    },
    "Юридические_документы": {
      "$type": "string",
      "$value": "Юридические документы"
    },
    "Пройти_опрос": {
      "$type": "string",
      "$value": "Пройти опрос"
    },
    "Справочник": {
      "$type": "string",
      "$value": "Справочник"
    },
    "Оферта": {
      "$type": "string",
      "$value": "Оферта"
    },
    "Выбрать_всё": {
      "$type": "string",
      "$value": "Выбрать всё"
    },
    "проданные_подписки": {
      "$type": "string",
      "$value": "Проданные подписки"
    },
    "бета-тестирование": {
      "$type": "string",
      "$value": "Бета-тестирование"
    },
    "Ответить": {
      "$type": "string",
      "$value": "Ответить"
    },
    "Пожаловаться": {
      "$type": "string",
      "$value": "Пожаловаться"
    },
    "Жалоба_на_модерации": {
      "$type": "string",
      "$value": "Жалоба на модерации"
    },
    "Жалоба_отклонена": {
      "$type": "string",
      "$value": "Жалоба отклонена"
    },
    "Посмотреть_старый_ответ": {
      "$type": "string",
      "$value": "Посмотреть старый ответ"
    },
    "На_модерации": {
      "$type": "string",
      "$value": "На модерации"
    },
    "Опубликован": {
      "$type": "string",
      "$value": "Опубликован"
    },
    "Отклонён": {
      "$type": "string",
      "$value": "Отклонён"
    },
    "Ответ_разработчика": {
      "$type": "string",
      "$value": "Ответ разработчика"
    },
    "Cкачать_CSV": {
      "$type": "string",
      "$value": "Cкачать CSV"
    },
    "Cначала:": {
      "$type": "string",
      "$value": "Cначала:"
    },
    "Новые": {
      "$type": "string",
      "$value": "Новые"
    },
    "С_оценкой_по_убыванию": {
      "$type": "string",
      "$value": "С оценкой по убыванию"
    },
    "С_оценкой_по_возрастанию": {
      "$type": "string",
      "$value": "С оценкой по возрастанию"
    },
    "Правила_публикации_ответов_разработчика": {
      "$type": "string",
      "$value": "Правила публикации ответов разработчика"
    },
    "оценок": {
      "$type": "string",
      "$value": "оценок"
    },
    "Важное_в_отзывах": {
      "$type": "string",
      "$value": "Важное в отзывах"
    },
    "Основные_плюсы_и_минусы_появятся_в_конце_месяца,_если_у_приложения_будет_больше_100_отзывов": {
      "$type": "string",
      "$value": "Основные плюсы и минусы появятся в конце месяца, если у приложения будет больше 100 отзывов"
    },
    "Документация": {
      "$type": "string",
      "$value": "Документация"
    },
    "Суммарный_отзыв_из_ключевых_плюсов_и_минусов_приложения": {
      "$type": "string",
      "$value": "Суммарный отзыв из ключевых плюсов и минусов приложения, собранный нейросетью. Можно опубликовать или скрыть со страницы приложения. Он отображается выше всех отзывов и регулярно обновляется"
    },
    "Скрыто": {
      "$type": "string",
      "$value": "Скрыто"
    },
    "Сгенерировано": {
      "$type": "string",
      "$value": "Сгенерировано"
    },
    "с_ответом": {
      "$type": "string",
      "$value": "с ответом"
    },
    "изменённые_пользователем": {
      "$type": "string",
      "$value": "изменённые пользователем"
    },
    "без_ответа": {
      "$type": "string",
      "$value": "без ответа"
    },
    "Перейти_в_статистику": {
      "$type": "string",
      "$value": "Перейти в статистику"
    }
  },
  "legals": {
    "agreement_min": {
      "$type": "dimension",
      "$value": "134px"
    },
    "agreement_max": {
      "$type": "dimension",
      "$value": "206px"
    },
    "privacy_min": {
      "$type": "dimension",
      "$value": "155px"
    },
    "privacy_max": {
      "$type": "dimension",
      "$value": "155px"
    },
    "distribution_min": {
      "$type": "dimension",
      "$value": "140px"
    },
    "distribution_max": {
      "$type": "dimension",
      "$value": "211px"
    },
    "documentation_min": {
      "$type": "dimension",
      "$value": "179px"
    },
    "documentation_max": {
      "$type": "dimension",
      "$value": "179px"
    },
    "support_min": {
      "$type": "dimension",
      "$value": "102px"
    },
    "support_max": {
      "$type": "dimension",
      "$value": "158px"
    }
  }
}