{
  "локализация": {
    "alpha_версии": {
      "$type": "string",
      "$value": "Alpha-versions"
    },
    "alpha_тестирование": {
      "$type": "string",
      "$value": "Alpha-testing"
    },
    "api_rustore": {
      "$type": "string",
      "$value": "API RuStore"
    },
    "bic_swift_aba_другой_банковский_идентификатор": {
      "$type": "string",
      "$value": "BIC/SWIFT/ABA/Another Bank Identifier"
    },
    "bic_swift_aba_другой_банковский_идентификатор_банка_корреспондента": {
      "$type": "string",
      "$value": "Correspondent bank BIC/SWIFT/ABA/Another Bank Identifier"
    },
    "id_покупки": {
      "$type": "string",
      "$value": "Purchase ID"
    },
    "push_уведомления": {
      "$type": "string",
      "$value": "Push Notifications"
    },
    "rustore_tracer": {
      "$type": "string",
      "$value": "Tracer"
    },
    "switch_to_english": {
      "$type": "string",
      "$value": "Сменить на русский"
    },
    "url_сервера": {
      "$type": "string",
      "$value": "Server URL"
    },
    "vk_карты": {
      "$type": "string",
      "$value": "VK Maps"
    },
    "аналитика_mytracker": {
      "$type": "string",
      "$value": "MyTracker Analytics"
    },
    "авторизация_vk_id": {
      "$type": "string",
      "$value": "VK ID authorization"
    },
    "вовлечение_пользователей": {
      "$type": "string",
      "$value": "User engagement"
    },
    "все_приложения": {
      "$type": "string",
      "$value": "All Applications"
    },
    "встройте_платежи_в_приложение": {
      "$type": "string",
      "$value": "embed payments in the app"
    },
    "в_эту_стоимость_входит_комиссия_rustore": {
      "$type": "string",
      "$value": "This price includes RuStore fee."
    },
    "ежемесячные_отчёты": {
      "$type": "string",
      "$value": "Monthly Reports"
    },
    "заработать_на_рекламе": {
      "$type": "string",
      "$value": "Earn from Advertising"
    },
    "omicron": {
      "$type": "string",
      "$value": "Omicron"
    },
    "ru": {
      "$type": "string",
      "$value": "ENG"
    },
    "russian": {
      "$type": "string",
      "$value": "English"
    },
    "агрегатор": {
      "$type": "string",
      "$value": "Aggregator"
    },
    "админка": {
      "$type": "string",
      "$value": "Admin Panel"
    },
    "адрес": {
      "$type": "string",
      "$value": "Address (optional)"
    },
    "аналитика": {
      "$type": "string",
      "$value": "Analytics"
    },
    "блоки": {
      "$type": "string",
      "$value": "Blocks"
    },
    "версии": {
      "$type": "string",
      "$value": "Versions"
    },
    "возвращается": {
      "$type": "string",
      "$value": "Refunding"
    },
    "возвращено": {
      "$type": "string",
      "$value": "Refunded"
    },
    "возвращён": {
      "$type": "string",
      "$value": "Returned"
    },
    "войти": {
      "$type": "string",
      "$value": "Log In"
    },
    "выплаты": {
      "$type": "string",
      "$value": "Payments"
    },
    "грэйс": {
      "$type": "string",
      "$value": "Grace"
    },
    "день": {
      "$type": "string",
      "$value": "Day"
    },
    "диктатор": {
      "$type": "string",
      "$value": "The dictator"
    },
    "должность": {
      "$type": "string",
      "$value": "Position"
    },
    "доступы": {
      "$type": "string",
      "$value": "Permissions"
    },
    "загрузите": {
      "$type": "string",
      "$value": "Upload"
    },
    "загружено": {
      "$type": "string",
      "$value": "Uploaded"
    },
    "закрыть": {
      "$type": "string",
      "$value": "Close"
    },
    "и": {
      "$type": "string",
      "$value": "and"
    },
    "игры": {
      "$type": "string",
      "$value": "Games "
    },
    "идентификатор": {
      "$type": "string",
      "$value": "ID"
    },
    "из": {
      "$type": "string",
      "$value": "of "
    },
    "изменить": {
      "$type": "string",
      "$value": "Edit"
    },
    "иконка": {
      "$type": "string",
      "$value": "Icon"
    },
    "имя": {
      "$type": "string",
      "$value": "Name"
    },
    "инструменты": {
      "$type": "string",
      "$value": "Tools"
    },
    "интересное": {
      "$type": "string",
      "$value": "Interesting"
    },
    "карта": {
      "$type": "string",
      "$value": "Card"
    },
    "компания": {
      "$type": "string",
      "$value": "Company"
    },
    "консоль": {
      "$type": "string",
      "$value": "Console"
    },
    "конфиденциальность": {
      "$type": "string",
      "$value": "Privacy Policy"
    },
    "купоны": {
      "$type": "string",
      "$value": "Coupons"
    },
    "маруся": {
      "$type": "string",
      "$value": "Marusya"
    },
    "месяц": {
      "$type": "string",
      "$value": "Month"
    },
    "название": {
      "$type": "string",
      "$value": "Title"
    },
    "номер": {
      "$type": "string",
      "$value": "Card/Phone number"
    },
    "модерация": {
      "$type": "string",
      "$value": "Moderation"
    },
    "монетизация": {
      "$type": "string",
      "$value": "Monetization"
    },
    "обзор": {
      "$type": "string",
      "$value": "Review"
    },
    "описание": {
      "$type": "string",
      "$value": "Description"
    },
    "оплачено": {
      "$type": "string",
      "$value": "Confirmed"
    },
    "опубликовано": {
      "$type": "string",
      "$value": "Published"
    },
    "опубликована": {
      "$type": "string",
      "$value": "Published"
    },
    "опубликовать": {
      "$type": "string",
      "$value": "Publish"
    },
    "отмена": {
      "$type": "string",
      "$value": "Cancel"
    },
    "отменено": {
      "$type": "string",
      "$value": "Cancelled"
    },
    "отправить": {
      "$type": "string",
      "$value": "Send"
    },
    "отзывы": {
      "$type": "string",
      "$value": "Reviews"
    },
    "отчество": {
      "$type": "string",
      "$value": "Middle name (if included)"
    },
    "период": {
      "$type": "string",
      "$value": "Period"
    },
    "платежи": {
      "$type": "string",
      "$value": "Payments"
    },
    "подписки": {
      "$type": "string",
      "$value": "Subscriptions"
    },
    "подробнее": {
      "$type": "string",
      "$value": "See more"
    },
    "постмодерация": {
      "$type": "string",
      "$value": "Postmoderation"
    },
    "приложения": {
      "$type": "string",
      "$value": "Apps"
    },
    "продвижение": {
      "$type": "string",
      "$value": "Promotion"
    },
    "проекты": {
      "$type": "string",
      "$value": "Projects"
    },
    "разработка": {
      "$type": "string",
      "$value": "Development"
    },
    "разработчик": {
      "$type": "string",
      "$value": "Developer"
    },
    "разработчики": {
      "$type": "string",
      "$value": "Publishers"
    },
    "расходуемый": {
      "$type": "string",
      "$value": "Consumable"
    },
    "редактировать": {
      "$type": "string",
      "$value": "Edit"
    },
    "реклама": {
      "$type": "string",
      "$value": "Advertisement"
    },
    "рекламодатели": {
      "$type": "string",
      "$value": "Advertisers"
    },
    "рекомендации": {
      "$type": "string",
      "$value": "Recommendations"
    },
    "события": {
      "$type": "string",
      "$value": "Events"
    },
    "создать": {
      "$type": "string",
      "$value": "Create"
    },
    "создано": {
      "$type": "string",
      "$value": "Created by"
    },
    "статистика": {
      "$type": "string",
      "$value": "Statistics"
    },
    "статус": {
      "$type": "string",
      "$value": "Status"
    },
    "стоимость": {
      "$type": "string",
      "$value": "Cost, ₽"
    },
    "страниц": {
      "$type": "string",
      "$value": "page"
    },
    "строк": {
      "$type": "string",
      "$value": "lines"
    },
    "сумма": {
      "$type": "string",
      "$value": "Amount, ₽"
    },
    "счёт": {
      "$type": "string",
      "$value": "Invoice"
    },
    "телефон": {
      "$type": "string",
      "$value": "Phone number (optional)"
    },
    "тестирование": {
      "$type": "string",
      "$value": "Testing Versions"
    },
    "тестировщики": {
      "$type": "string",
      "$value": "Testers"
    },
    "тип": {
      "$type": "string",
      "$value": "Type"
    },
    "удалить": {
      "$type": "string",
      "$value": "Remove"
    },
    "фамилия": {
      "$type": "string",
      "$value": "Last name"
    },
    "формат": {
      "$type": "string",
      "$value": "Format:"
    },
    "холд": {
      "$type": "string",
      "$value": "Hold"
    },
    "черновик": {
      "$type": "string",
      "$value": "Draft"
    },
    "заявки_на_события": {
      "$type": "string",
      "$value": "Applications for events"
    },
    "заявления_на_монетизацию": {
      "$type": "string",
      "$value": "Monetization Applications"
    },
    "инструменты_rustore": {
      "$type": "string",
      "$value": "RuStore Tools"
    },
    "информация_о_приложении": {
      "$type": "string",
      "$value": "Information"
    },
    "карты_и_геосервисы": {
      "$type": "string",
      "$value": "Maps and geoservices"
    },
    "константин_к": {
      "$type": "string",
      "$value": "Constantine K."
    },
    "личная_информация": {
      "$type": "string",
      "$value": "Personal Information"
    },
    "модерация_агрегаторов": {
      "$type": "string",
      "$value": "Aggregator Moderation"
    },
    "модерация_приложений": {
      "$type": "string",
      "$value": "Application Moderation"
    },
    "модерация_разработчиков": {
      "$type": "string",
      "$value": "Publishers Moderation"
    },
    "название_и_описание_будут_видны_пользователям_в_вашем_приложении_и_интерфейсе_rustore": {
      "$type": "string",
      "$value": "The name and description will be visible to users in your app and in the RuStore interface"
    },
    "название_раздела_работает_в_режиме_тестирования": {
      "$type": "string",
      "$value": "String value"
    },
    "название_товара": {
      "$type": "string",
      "$value": "Product Name"
    },
    "написать_в_поддержку": {
      "$type": "string",
      "$value": "Write to Support"
    },
    "настраиваемые_каталоги": {
      "$type": "string",
      "$value": "Custom catalogs"
    },
    "настройка_уведомлений": {
      "$type": "string",
      "$value": "Notification Settings"
    },
    "настройте_ее_условия": {
      "$type": "string",
      "$value": "Configure its terms and conditions,"
    },
    "новая_подписка": {
      "$type": "string",
      "$value": "New subscription"
    },
    "номер_заказа": {
      "$type": "string",
      "$value": "Order number"
    },
    "ооо_«вк»": {
      "$type": "string",
      "$value": "LLC \"VK\""
    },
    "подпись_приложения": {
      "$type": "string",
      "$value": "Application signature"
    },
    "пользовательское_соглашение": {
      "$type": "string",
      "$value": "User Agreement"
    },
    "приложения_для_tv": {
      "$type": "string",
      "$value": "TV Apps"
    },
    "проверка_безопасности_приложений": {
      "$type": "string",
      "$value": "Apps Security Check"
    },
    "товары": {
      "$type": "string",
      "$value": "In-App purcases"
    },
    "расчёты_с_самозанятыми": {
      "$type": "string",
      "$value": "Settlements with self-employed"
    },
    "рекламировать_приложение": {
      "$type": "string",
      "$value": "Promote the App"
    },
    "сертификат_для_ос_аврора": {
      "$type": "string",
      "$value": "Certificate for Aurora OS"
    },
    "соглашение_о_распространении": {
      "$type": "string",
      "$value": "Distribution Agreement"
    },
    "способ_оплаты": {
      "$type": "string",
      "$value": "Payment methods"
    },
    "справочник_категорий": {
      "$type": "string",
      "$value": "Category directory"
    },
    "справочник_разработчика": {
      "$type": "string",
      "$value": "Developer's Guide"
    },
    "ссылки_на_скачивание": {
      "$type": "string",
      "$value": "Download link"
    },
    "статистика_по_push_уведомлениям": {
      "$type": "string",
      "$value": "Push notification statistics"
    },
    "статистика_по_платежам": {
      "$type": "string",
      "$value": "Payment statistics"
    },
    "статистика_по_приложению": {
      "$type": "string",
      "$value": "Statistics on App"
    },
    "статус_по_приложениям": {
      "$type": "string",
      "$value": "Applications Status"
    },
    "страны_и_регионы": {
      "$type": "string",
      "$value": "Countries and Regions"
    },
    "строк_на_странице": {
      "$type": "string",
      "$value": "lines per page"
    },
    "тестовые_платежи": {
      "$type": "string",
      "$value": "Test payments"
    },
    "уведомления_на_сервер": {
      "$type": "string",
      "$value": "Server Notifications"
    },
    "управление_доступами": {
      "$type": "string",
      "$value": "Access Management"
    },
    "все_платежи": {
      "$type": "string",
      "$value": "All Payments"
    },
    "пн": {
      "$type": "string",
      "$value": "Mo"
    },
    "вт": {
      "$type": "string",
      "$value": "Tu"
    },
    "ср": {
      "$type": "string",
      "$value": "We"
    },
    "чт": {
      "$type": "string",
      "$value": "Th"
    },
    "пт": {
      "$type": "string",
      "$value": "Fr"
    },
    "сб": {
      "$type": "string",
      "$value": "Sa"
    },
    "вс": {
      "$type": "string",
      "$value": "Su"
    },
    "январь": {
      "$type": "string",
      "$value": "January"
    },
    "февраль": {
      "$type": "string",
      "$value": "February"
    },
    "март": {
      "$type": "string",
      "$value": "March"
    },
    "апрель": {
      "$type": "string",
      "$value": "April"
    },
    "май": {
      "$type": "string",
      "$value": "May"
    },
    "июнь": {
      "$type": "string",
      "$value": "June"
    },
    "июль": {
      "$type": "string",
      "$value": "July"
    },
    "август": {
      "$type": "string",
      "$value": "August"
    },
    "сентябрь": {
      "$type": "string",
      "$value": "September"
    },
    "октябрь": {
      "$type": "string",
      "$value": "October"
    },
    "ноябрь": {
      "$type": "string",
      "$value": "November"
    },
    "декабрь": {
      "$type": "string",
      "$value": "December"
    },
    "дата": {
      "$type": "string",
      "$value": "Date"
    },
    "дд": {
      "$type": "string",
      "$value": "dd"
    },
    "мм": {
      "$type": "string",
      "$value": "mm"
    },
    "гггг": {
      "$type": "string",
      "$value": "yyyy"
    },
    "управление_подборками": {
      "$type": "string",
      "$value": "Featuring Management"
    },
    "управление_ролями": {
      "$type": "string",
      "$value": "Role management"
    },
    "общая_информация": {
      "$type": "string",
      "$value": "General Information"
    },
    "финансовые_отчёты": {
      "$type": "string",
      "$value": "Financial_reports"
    },
    "миллионы_треков_и_тысячи_аудиокниг_без_ограничений_бесплатно_для_новых_пользователей_и_тех_у_кого_не_было_подписки_более_6_месяцев_cлушайте_всё_что_нравится_без_рекламы_интернета_и_с_выключенным_экраном": {
      "$type": "string",
      "$value": "Millions of tracks and thousands of unlimited audiobooks: free for new users and those who have not had a subscription for more than 6 months. Listen to whatever you like — without ads, the Internet, and with the screen off."
    },
    "пользователь_бесплатно_пользуется_подпиской_до_момента_старта_затем_начинается_списание": {
      "$type": "string",
      "$value": "The user uses the subscription for free until it starts, and then the charge begins"
    },
    "подробнее_в_справочнике_разработчика": {
      "$type": "string",
      "$value": "For more information, see the developer's guide"
    },
    "покупка_цифрового_контента": {
      "$type": "string",
      "$value": "Buying digital content"
    },
    "пес_самурай_и_город_кошек": {
      "$type": "string",
      "$value": "Paws of Fury: The Legend of Hank"
    },
    "периодичность_и_стоимость_подписки": {
      "$type": "string",
      "$value": "Subscription frequency and cost"
    },
    "идентификатор_должен_быть_уникальным_внутри_приложения_можно_использовать_латинские_буквы_цифры_и_символы_после_сохранения_данных_это_поле_нельзя_будет_отредактировать": {
      "$type": "string",
      "$value": "The ID must be unique within the app. You can use Latin letters, numbers, and symbols. After saving the data, this field cannot be edited"
    },
    "информация_для_пользователей": {
      "$type": "string",
      "$value": "Information for users"
    },
    "техническая_информация": {
      "$type": "string",
      "$value": "Technical information"
    },
    "как_приручить_дракона_3": {
      "$type": "string",
      "$value": "How to Train Your Dragon 3"
    },
    "каталог_sdk": {
      "$type": "string",
      "$value": "SDK Catalog"
    },
    "ежемесячная_подписка_на_кино_и_сериалы": {
      "$type": "string",
      "$value": "Monthly subscription to movies and TV series"
    },
    "рик_и_морти": {
      "$type": "string",
      "$value": "Rick and Morty"
    },
    "дом_дракона": {
      "$type": "string",
      "$value": "House of the Dragon"
    },
    "добавьте_первую_подписку": {
      "$type": "string",
      "$value": "Add your first subscription"
    },
    "дополнительные_настройки": {
      "$type": "string",
      "$value": "Advanced Settings"
    },
    "длительность_периода": {
      "$type": "string",
      "$value": "Duration of the period"
    },
    "бесплатная_подписка_на_3_месяца": {
      "$type": "string",
      "$value": "Free subscription for 3 months"
    },
    "бесплатный_период": {
      "$type": "string",
      "$value": "Free period"
    },
    "стартовый_период": {
      "$type": "string",
      "$value": "Starting period"
    },
    "запускается_перед_основным": {
      "$type": "string",
      "$value": "Runs before the main one"
    },
    "подписка_действует_и_происходят_попытки_списания_денежных_средств_у_пользователя_мобильного_приложения": {
      "$type": "string",
      "$value": "Subscription attempts to withdraw funds from the user of the mobile app are valid and occur"
    },
    "подписка_неактивна_но_происходят_попытки_списания_денежных_средств_у_пользователя_мобильного_приложения": {
      "$type": "string",
      "$value": "The subscription is inactive, but attempts are being made to debit funds from the mobile app user"
    },
    "иконка_для_пользователей_(необязательно)": {
      "$type": "string",
      "$value": "Icon for users (optional)"
    },
    "безопасная_среда_для_тестирования_покупок_и_подписок_в_приложении": {
      "$type": "string",
      "$value": "A secure environment for testing in-app purchases and subscriptions."
    },
    "история_платежей": {
      "$type": "string",
      "$value": "Payment History"
    },
    "имя_пользователя": {
      "$type": "string",
      "$value": "Username"
    },
    "режим_тестирования": {
      "$type": "string",
      "$value": "Testing Mode"
    },
    "иван_сидоров": {
      "$type": "string",
      "$value": "Ivan Sidorov"
    },
    "в_режиме_тестирования_сотрудник_не_сможет_платить_реальной_картой_в_приложении": {
      "$type": "string",
      "$value": "In the testing mode, the employee will not be able to pay with a real card in the application"
    },
    "добавлять_и_удалять_пользователей_можно_в_разделе": {
      "$type": "string",
      "$value": "You can add and remove users in the section"
    },
    "они_будут": {
      "$type": "string",
      "$value": ", they will be duplicated here"
    },
    "дублироваться_здесь_с_выключенным_по_умолчанию_режимом_тестирования": {
      "$type": "string",
      "$value": "with the testing mode turned off by default"
    },
    "теперь_иван_сидоров_может_совершать_тестовые_платежи_в_приложении": {
      "$type": "string",
      "$value": "Ivan Sidorov can now make test payments in the app"
    },
    "инструкция_по_встраиванию_платежей_в_приложение": {
      "$type": "string",
      "$value": "Instructions for embedding payments in the app"
    },
    "заполните_заявление_чтобы_подключить_монетизацию": {
      "$type": "string",
      "$value": "Fill out an application to enable monetization"
    },
    "ознакомьтесь_со_списком_документов": {
      "$type": "string",
      "$value": "Сheck out the list of documents in"
    },
    "в_инструкции_по_подключению_монетизации": {
      "$type": "string",
      "$value": "How to change monetization details"
    },
    "сейчас_используются_стандартные_условия_монетизации,_если_вам_нужны_индивидуальные": {
      "$type": "string",
      "$value": "Now standard monetization conditions are used, if you need individual ones,"
    },
    "дата_создания_счёта": {
      "$type": "string",
      "$value": "Invoice creation date"
    },
    "последние_4_цифры_карты": {
      "$type": "string",
      "$value": "Card (last 4 digits)"
    },
    "итого_сумма_платежа": {
      "$type": "string",
      "$value": "Total payment amount"
    },
    "вернуть_платёж_по_счёту": {
      "$type": "string",
      "$value": "Refund payment on invoice №3467459?"
    },
    "деньги_вернутся_пользователю_в_течение_10_рабочих_дней_при_этом_подписка_продолжит_действовать": {
      "$type": "string",
      "$value": "The refund will take up to 10 business days. This action does not deactivate the subscription for this use"
    },
    "напишите_в_поддержку": {
      "$type": "string",
      "$value": "contact support"
    },
    "инструкция_по_подключению": {
      "$type": "string",
      "$value": "Help with monetization setup"
    },
    "дополнительное_соглашение": {
      "$type": "string",
      "$value": "Supplementary Agreement"
    },
    "заполнить_заявление": {
      "$type": "string",
      "$value": "Apply for monetization"
    },
    "заявление_на_монетизацию": {
      "$type": "string",
      "$value": "Application for monetization"
    },
    "заполните_форму_если_у_вас_возникли_вопросы": {
      "$type": "string",
      "$value": "Fill the application form. If you have a questions"
    },
    "основная_информация": {
      "$type": "string",
      "$value": "Main information"
    },
    "информация_о_компании": {
      "$type": "string",
      "$value": "Company information"
    },
    "контакты_для_пользователей_по_вопросам_поддержки_и_претензий": {
      "$type": "string",
      "$value": "Contacts for users regarding application support and complaints"
    },
    "информация_о_договоре": {
      "$type": "string",
      "$value": "Contract information"
    },
    "рекламные_сети": {
      "$type": "string",
      "$value": "Advertising networks"
    },
    "банковские_реквизиты": {
      "$type": "string",
      "$value": "Bank details"
    },
    "банковские_реквизиты_компании": {
      "$type": "string",
      "$value": "Company bank details"
    },
    "выберите_файл": {
      "$type": "string",
      "$value": "Select file"
    },
    "перейти_к_отправке_заявления": {
      "$type": "string",
      "$value": "Go to submit"
    },
    "банковские_реквизиты_банка_корреспондента_(необязательно)": {
      "$type": "string",
      "$value": "Correspondent (Intermediary) Bank Details (optional)"
    },
    "очистить_всё": {
      "$type": "string",
      "$value": "Clear all"
    },
    "торговое_название_компании": {
      "$type": "string",
      "$value": "Trade company name"
    },
    "юридическое_название_компании": {
      "$type": "string",
      "$value": "Legal company name"
    },
    "представитель_отличается_от_владельца_компании": {
      "$type": "string",
      "$value": "Signatory differs from company owner"
    },
    "заполните_данные_если_представитель_отличается_от_владельца_компании": {
      "$type": "string",
      "$value": "In case the signatory differs from the company owner, please provide the required details"
    },
    "документ_основание_прав_представителя": {
      "$type": "string",
      "$value": "Document establishing the signatory's authority"
    },
    "файлов_размером_не_более": {
      "$type": "string",
      "$value": "files, up to"
    },
    "налоговый_номер": {
      "$type": "string",
      "$value": "Tax number"
    },
    "юридический_адрес": {
      "$type": "string",
      "$value": "Legal address"
    },
    "фактический_адрес_отличается_от_юридического": {
      "$type": "string",
      "$value": "Actual address differs from legal one"
    },
    "вы_можете_указать_несколько_адресов_через_запятую": {
      "$type": "string",
      "$value": "You can mention several ones separated by a comma"
    },
    "ссылки_на_мессенджеры_формы_обратной_связи_(необязательно)": {
      "$type": "string",
      "$value": "Links to Messengers, Feedback Forms (optional)"
    },
    "имя_главного_бухгалтера": {
      "$type": "string",
      "$value": "Chief accountant’s name"
    },
    "бухгалтерская_отчетность": {
      "$type": "string",
      "$value": "Financial statements"
    },
    "документ_подтверждающий_налоговое_резидентство_компании": {
      "$type": "string",
      "$value": "Document confirming the tax residency of the company"
    },
    "валюта_расчётов": {
      "$type": "string",
      "$value": "Settlement currency"
    },
    "наименование_банка_получателя": {
      "$type": "string",
      "$value": "Beneficiary Bank name"
    },
    "адрес_банка_получателя": {
      "$type": "string",
      "$value": "Beneficiary Bank address"
    },
    "номер_счёта_получателя_(или_iban,_если_применимо)": {
      "$type": "string",
      "$value": "Beneficiary Bank account number (or IBAN if applicable)"
    },
    "корреспондентский_счёт_банка": {
      "$type": "string",
      "$value": "Beneficiary Bank correspondent account number"
    },
    "наименование_банка_корреспондента": {
      "$type": "string",
      "$value": "Correspondent bank name"
    },
    "номер_счёта_банка_корреспондента": {
      "$type": "string",
      "$value": "Correspondent bank account number"
    },
    "данные_автоматически_сохраняются_вы_можете_вернуться_к_заполнению_в_любое_время": {
      "$type": "string",
      "$value": "The data is automatically saved, you can return to filling in at any time"
    },
    "не_опубликовано": {
      "$type": "string",
      "$value": "Not published"
    },
    "не_активно": {
      "$type": "string",
      "$value": "Not active"
    },
    "подборки_в_поиске": {
      "$type": "string",
      "$value": "Selections in search"
    },
    "показать_ещё": {
      "$type": "string",
      "$value": "Show more"
    },
    "отправлять_уведомления": {
      "$type": "string",
      "$value": "Send notifications"
    },
    "обновить_ключ": {
      "$type": "string",
      "$value": "Update key"
    },
    "уведомления_о_платежах_будут_приходить_на_указанный_сервер": {
      "$type": "string",
      "$value": "Payment notifications will be sent to the specified server"
    },
    "ключ_расшифровки": {
      "$type": "string",
      "$value": "Decryption key"
    },
    "сгенерирован": {
      "$type": "string",
      "$value": "Generated on 27.03.2024"
    },
    "тестовое_уведомление": {
      "$type": "string",
      "$value": "Test notification"
    },
    "отправлять_уведомления_можно_один_раз_в_30_секунд": {
      "$type": "string",
      "$value": "You can send one notification in 30 seconds"
    },
    "деловой_помощник": {
      "$type": "string",
      "$value": "Business Assistant"
    },
    "медитация_премиум_пакет": {
      "$type": "string",
      "$value": "Meditation Premium Package"
    },
    "месячная_подписка": {
      "$type": "string",
      "$value": "Monthly subscription"
    },
    "недельная_подписка_по_бегу": {
      "$type": "string",
      "$value": "Weekly Running subscription"
    },
    "детские_обучающие_игры": {
      "$type": "string",
      "$value": "Children's educational games"
    },
    "подписка_обработки_фото": {
      "$type": "string",
      "$value": "Photo processing subscription"
    },
    "годовая_подписка_на_TV": {
      "$type": "string",
      "$value": "Annual TV subscription"
    },
    "1_день": {
      "$type": "string",
      "$value": "1 day"
    },
    "1_месяц": {
      "$type": "string",
      "$value": "1 month"
    },
    "1_год": {
      "$type": "string",
      "$value": "1 year"
    },
    "100_Кристаллов": {
      "$type": "string",
      "$value": "100 Crystals"
    },
    "безлимитный_просмотр_фильма_в_hd": {
      "$type": "string",
      "$value": "Unlimited movie viewing in HDe"
    },
    "вернуть_платёж": {
      "$type": "string",
      "$value": "Refund"
    },
    "ждет_подтверждения": {
      "$type": "string",
      "$value": "Awaiting confirmation"
    },
    "позволяют_купить_снаряжение": {
      "$type": "string",
      "$value": "They allow you to buy equipment"
    },
    "новый_товар": {
      "$type": "string",
      "$value": "New product"
    },
    "добавьте_первый_товар_настройте_его_условия": {
      "$type": "string",
      "$value": "Add the first product, configure its terms and conditions,"
    },
    "и_встройте_платежи_в_приложение": {
      "$type": "string",
      "$value": "and embed payments in the app"
    },
    "здесь_вы_можете_добавлять_скидочные_купоны_на_покупки_в_вашем_приложении,_чтобы_делиться_ссылкой_на_них_с_пользователями": {
      "$type": "string",
      "$value": "Here you can add discount coupons for purchases in your app to share links to them with users"
    },
    "инструкция_по_использованию": {
      "$type": "string",
      "$value": "Usage guide"
    },
    "добавьте_купоны": {
      "$type": "string",
      "$value": "Add coupons"
    },
    "Заполните_данные_настройте_условия_и_получите_ссылку_на_купоны_для_пользователей": {
      "$type": "string",
      "$value": "Fill in the details, set the conditions, and get a link to share coupons with users"
    },
    "новые_купоны": {
      "$type": "string",
      "$value": "New Coupons"
    },
    "в_монетизации_появился_новый_раздел_купоны_вы_сможете_добавлять_скидочные_купоны_на_покупки_в_вашем_приложении_чтобы_делиться_ссылками_на_них_с_пользователями_используйте_купоны_для_привлечения_клиентов_повышения_лояльности_и_увеличения_продаж": {
      "$type": "string",
      "$value": "A new \"Coupons\" section has been added to Monetization. You can add discount coupons for purchases in your app to share links to them with users. Use coupons to attract customers, boost loyalty, and increase sales"
    },
    "добавить_купоны": {
      "$type": "string",
      "$value": "Add coupons"
    },
    "название_в_консоли": {
      "$type": "string",
      "$value": "Name in the console"
    },
    "количество": {
      "$type": "string",
      "$value": "Quantity"
    },
    "скидка": {
      "$type": "string",
      "$value": "Discount, ₽"
    },
    "дата_создания": {
      "$type": "string",
      "$value": "Creation date"
    },
    "действует_до": {
      "$type": "string",
      "$value": "Valid until"
    },
    "статус_ссылки": {
      "$type": "string",
      "$value": "Link status"
    },
    "активна": {
      "$type": "string",
      "$value": "Active"
    },
    "истекла": {
      "$type": "string",
      "$value": "Expired"
    },
    "купоны_выданы": {
      "$type": "string",
      "$value": "Coupons issued"
    },
    "удалена": {
      "$type": "string",
      "$value": "Deleted"
    },
    "копировать_ссылку": {
      "$type": "string",
      "$value": "Copy link"
    },
    "удалить_ссылку": {
      "$type": "string",
      "$value": "Delete link"
    },
    "удалить_ссылку?": {
      "$type": "string",
      "$value": "Delete the link?"
    },
    "ссылка_удалена": {
      "$type": "string",
      "$value": "The link has been deleted"
    },
    "пользователи_которые_успели_активировать_по_ней_купон_всё_равно_смогут_его_использовать": {
      "$type": "string",
      "$value": "Users who activated the coupon via this link will still be able to use it"
    },
    "период_действия_ссылки": {
      "$type": "string",
      "$value": "Link validity periodg value"
    },
    "с_момента_генерации": {
      "$type": "string",
      "$value": "From the moment of generation"
    },
    "купон_активируется_в_день_выпуска_и_будет_действовать_указанный_вами_срок": {
      "$type": "string",
      "$value": "The coupon is activated on the issue date and will be valid for the specified period"
    },
    "сумма_скидки": {
      "$type": "string",
      "$value": "Discount amount, ₽"
    },
    "сумма_не_должна_быть_равна_нулю": {
      "$type": "string",
      "$value": "The amount must not be zero"
    },
    "фиксированный_период": {
      "$type": "string",
      "$value": "Fixed period"
    },
    "купон_начнёт_действовать_с_указанной_вами_даты": {
      "$type": "string",
      "$value": "The coupon will become active on the date you specified"
    },
    "начало_периода": {
      "$type": "string",
      "$value": "Start of the period"
    },
    "монетизация_заблокирована": {
      "$type": "string",
      "$value": "Monetization is blocked"
    },
    "заметили_нарушение_по_платежам_чтобы_разблокировать_монетизацию_напишите_в_поддержку": {
      "$type": "string",
      "$value": "We detected a payment violation. To unblock monetization, contact support"
    },
    "монетизация_ещё_не_подключена": {
      "$type": "string",
      "$value": "Monetization is not yet enabled"
    },
    "после_подключения_вы_сможете_добавлять_купоны_для_своего_приложения": {
      "$type": "string",
      "$value": "Once enabled, you’ll be able to add coupons for your app"
    },
    "подключить_монетизацию": {
      "$type": "string",
      "$value": "Enable monetization"
    },
    "владелец_приложения_пока_не_подключил_монетизацию": {
      "$type": "string",
      "$value": "The app owner has not enabled monetization yet"
    },
    "после_подключения_вы_сможете_создавать_товары_и_подписки_для_продажи_в_приложениях": {
      "$type": "string",
      "$value": "Once enabled, you’ll be able to create products and subscriptions for in-app sales"
    },
    "комментарий_в_консоли_(необязательно)": {
      "$type": "string",
      "$value": "Console Сomment (optional)"
    },
    "комментарий_в_консоли": {
      "$type": "string",
      "$value": "Console Сomment"
    },
    "информация_на_купонах": {
      "$type": "string",
      "$value": "Coupon Information"
    },
    "краткое_описание": {
      "$type": "string",
      "$value": "Short Description"
    },
    "подробное_описание": {
      "$type": "string",
      "$value": "Detailed Description"
    },
    "группа_товаров": {
      "$type": "string",
      "$value": "Product Group"
    },
    "минимальная_стоимость_товара_для_скидки": {
      "$type": "string",
      "$value": "Minimum Product Price for Discount, ₽"
    },
    "срок_действия_купонов_и_размер_скидки": {
      "$type": "string",
      "$value": "Coupon Validity Period and Discount Amount"
    },
    "тип_периода": {
      "$type": "string",
      "$value": "Period Type"
    },
    "период_действия": {
      "$type": "string",
      "$value": "Validity Period"
    },
    "количество_купонов": {
      "$type": "string",
      "$value": "Number of Coupons"
    },
    "период_действия_ссылки_на_получение_купонов": {
      "$type": "string",
      "$value": "Link Validity Period for Receiving Coupons"
    },
    "конец_периода": {
      "$type": "string",
      "$value": "End Date"
    },
    "купонов_выдано": {
      "$type": "string",
      "$value": "Coupons Issued (out of 1000)"
    },
    "ссылка_на_купоны_для_пользователей": {
      "$type": "string",
      "$value": "Coupon Link for Users"
    },
    "пока_монетизация_доступна_только_юрлицам_и_резидентам_РФ": {
      "$type": "string",
      "$value": "Monetization is currently available only to legal entities and residents of the Russian Federation"
    },
    "мы_сообщим,_когда_она_станет_доступна_для_нерезидентов": {
      "$type": "string",
      "$value": "We will notify you when it becomes available to non-residents"
    },
    "все_товары": {
      "$type": "string",
      "$value": "All products"
    },
    "только_расходуемые": {
      "$type": "string",
      "$value": "Consumable only"
    },
    "только_нерасходуемые": {
      "$type": "string",
      "$value": "Non-consumable only"
    },
    "указать_минимальную_стоимость_товара": {
      "$type": "string",
      "$value": "Set minimum product price"
    },
    "купон_можно_будет_использовать_только_на_товары_не_ниже_указанной_стоимости": {
      "$type": "string",
      "$value": "The coupon can be used only for products not below the specified price"
    },
    "отменить_добавление_купонов_вся_информация_о_них_будет_удалена": {
      "$type": "string",
      "$value": "Cancel adding coupons? All information about them will be deleted"
    },
    "от_1000": {
      "$type": "string",
      "$value": "from 1 000"
    },
    "действует_до_23:59:59": {
      "$type": "string",
      "$value": "Valid until 23:59:59"
    },
    "от_1_до_1_000_000": {
      "$type": "string",
      "$value": "From 1 to 1 000 000"
    },
    "до_50_000": {
      "$type": "string",
      "$value": "Up to 50 000"
    },
    "добавить": {
      "$type": "string",
      "$value": "Сreate Сoupon"
    },
    "максимум_90_дней": {
      "$type": "string",
      "$value": "Maximum of 90 days"
    },
    "срок_действия_в_днях": {
      "$type": "string",
      "$value": "Validity period in days"
    },
    "видна_пользователям": {
      "$type": "string",
      "$value": "Visible to users"
    },
    "с_момента_открытия_ссылки": {
      "$type": "string",
      "$value": "Since the link was opened"
    },
    "купон_активируется_пользователем_при_открытии_ссылки_и_действует_указанный_срок": {
      "$type": "string",
      "$value": "The coupon is activated by the user when the link is opened and is valid for the specified period of time"
    },
    "купон_будет_действовать_только_в_этот_период": {
      "$type": "string",
      "$value": "The coupon will only be valid during this period"
    },
    "скидка_300_на_сумму_от_1000": {
      "$type": "string",
      "$value": "Discount 300 ₽ for a sum of 1000 ₽ or more"
    },
    "на_все_товары_от_1000": {
      "$type": "string",
      "$value": "On all products from 1000 ₽"
    },
    "используйте_купон_чтобы_сэкономить_на_любой_покупке_от_1000_спешите_акция_ограничена_во_времени": {
      "$type": "string",
      "$value": "Use the coupon to save on any purchase of 1000 ₽ or more. Hurry up, the promotion is limited in time!"
    },
    "APK_или_AAB_не_более_5_GB": {
      "$type": "string",
      "$value": "APK or AAB no more than 5 GB"
    },
    "Версия": {
      "$type": "string",
      "$value": "Version"
    },
    "Дата_загрузки": {
      "$type": "string",
      "$value": "Upload Date"
    },
    "Публикация": {
      "$type": "string",
      "$value": "Release"
    },
    "Аудитория,_%": {
      "$type": "string",
      "$value": "Audience, %"
    },
    "Частично_опубликована": {
      "$type": "string",
      "$value": "Partially published"
    },
    "Последняя_активная": {
      "$type": "string",
      "$value": "Last active"
    },
    "Готова_к_публикации": {
      "$type": "string",
      "$value": "Ready for publication"
    },
    "Ожидает_модерацию": {
      "$type": "string",
      "$value": "Pending moderation"
    },
    "Модерация_не_пройдена": {
      "$type": "string",
      "$value": "Moderation failed"
    },
    "Ручная": {
      "$type": "string",
      "$value": "Manual"
    },
    "Автоматическая": {
      "$type": "string",
      "$value": "Automatic"
    },
    "Архив_версий": {
      "$type": "string",
      "$value": "Version archive"
    },
    "Архивная": {
      "$type": "string",
      "$value": "Archive"
    },
    "Загрузить_версию": {
      "$type": "string",
      "$value": "Upload the version"
    },
    "Здесь_будет_список_версий_в_архиве": {
      "$type": "string",
      "$value": "Here will be a list of versions in the archive"
    },
    "Для_телефона": {
      "$type": "string",
      "$value": "For mobile"
    },
    "Для_планшета": {
      "$type": "string",
      "$value": "For tablet"
    },
    "Для_ТВ": {
      "$type": "string",
      "$value": "For TV"
    },
    "Возраст": {
      "$type": "string",
      "$value": "Age"
    },
    "Размер": {
      "$type": "string",
      "$value": "Size"
    },
    "Скриншоты": {
      "$type": "string",
      "$value": "Screenshots"
    },
    "Поисковые_теги": {
      "$type": "string",
      "$value": "Search Tags"
    },
    "Описание_приложения": {
      "$type": "string",
      "$value": "App description"
    },
    "Что_нового": {
      "$type": "string",
      "$value": "What's new"
    },
    "Комментарий_модератора": {
      "$type": "string",
      "$value": "Moderator's comment"
    },
    "Комментарий_разработчика": {
      "$type": "string",
      "$value": "Developer's comment"
    },
    "Полезные_инструменты": {
      "$type": "string",
      "$value": "Useful tools"
    },
    "Архивировать_версию_Ver1?": {
      "$type": "string",
      "$value": "Archive version Ver1?"
    },
    "Файлы_APK_или_AAB_будут_удалены,_но_вы_сможете_создать_дубликат_версии_с_описанием_и_остальными_данными": {
      "$type": "string",
      "$value": "APK or AAB files will be deleted, but you can create a duplicate version with description and other data"
    },
    "Архивировать": {
      "$type": "string",
      "$value": "Archive"
    },
    "Юридические_документы": {
      "$type": "string",
      "$value": "Legal documents"
    },
    "Пройти_опрос": {
      "$type": "string",
      "$value": "Complete the survey"
    },
    "Справочник": {
      "$type": "string",
      "$value": "Guide"
    },
    "Оферта": {
      "$type": "string",
      "$value": "The offer"
    },
    "Выбрать_всё": {
      "$type": "string",
      "$value": "Select all"
    },
    "проданные_подписки": {
      "$type": "string",
      "$value": "Sold subscribtions"
    },
    "бета-тестирование": {
      "$type": "string",
      "$value": "Beta Testing"
    },
    "Ответить": {
      "$type": "string",
      "$value": "To answer"
    },
    "Пожаловаться": {
      "$type": "string",
      "$value": "Complain"
    },
    "Жалоба_на_модерации": {
      "$type": "string",
      "$value": "Your complaint has been sent for moderation"
    },
    "Жалоба_отклонена": {
      "$type": "string",
      "$value": "Your complaint has been rejected"
    },
    "Посмотреть_старый_ответ": {
      "$type": "string",
      "$value": "View the old response"
    },
    "На_модерации": {
      "$type": "string",
      "$value": "Under moderation"
    },
    "Опубликован": {
      "$type": "string",
      "$value": "Published"
    },
    "Отклонён": {
      "$type": "string",
      "$value": "Rejected"
    },
    "Ответ_разработчика": {
      "$type": "string",
      "$value": "Developer's response"
    },
    "Cкачать_CSV": {
      "$type": "string",
      "$value": "Download CSV"
    },
    "Cначала:": {
      "$type": "string",
      "$value": "First:"
    },
    "Новые": {
      "$type": "string",
      "$value": "New"
    },
    "С_оценкой_по_убыванию": {
      "$type": "string",
      "$value": "With rank descending"
    },
    "С_оценкой_по_возрастанию": {
      "$type": "string",
      "$value": "With rank ascending"
    },
    "Правила_публикации_ответов_разработчика": {
      "$type": "string",
      "$value": "Rules for publishing developer responses"
    },
    "оценок": {
      "$type": "string",
      "$value": "ratings"
    },
    "Важное_в_отзывах": {
      "$type": "string",
      "$value": "Key points in reviews"
    },
    "Основные_плюсы_и_минусы_появятся_в_конце_месяца,_если_у_приложения_будет_больше_100_отзывов": {
      "$type": "string",
      "$value": "Main pros and cons will appear at the end of the month if the app has more than 100 reviews"
    },
    "Документация": {
      "$type": "string",
      "$value": "Documentation"
    },
    "Суммарный_отзыв_из_ключевых_плюсов_и_минусов_приложения": {
      "$type": "string",
      "$value": "A summary review based on the key pros and cons of the app, generated by a AI. It can be published or hidden from the app page. Displayed above all other reviews and regularly updated"
    },
    "Скрыто": {
      "$type": "string",
      "$value": "Hidden"
    },
    "Сгенерировано": {
      "$type": "string",
      "$value": "Generated on"
    },
    "с_ответом": {
      "$type": "string",
      "$value": "with the answer"
    },
    "изменённые_пользователем": {
      "$type": "string",
      "$value": "modified by the user"
    },
    "без_ответа": {
      "$type": "string",
      "$value": "no response"
    },
    "Перейти_в_статистику": {
      "$type": "string",
      "$value": "Go to statistics"
    }
  },
  "legals": {
    "agreement_min": {
      "$type": "dimension",
      "$value": "85px"
    },
    "agreement_max": {
      "$type": "dimension",
      "$value": "113px"
    },
    "privacy_min": {
      "$type": "dimension",
      "$value": "64px"
    },
    "privacy_max": {
      "$type": "dimension",
      "$value": "102px"
    },
    "distribution_min": {
      "$type": "dimension",
      "$value": "88px"
    },
    "distribution_max": {
      "$type": "dimension",
      "$value": "152px"
    },
    "documentation_min": {
      "$type": "dimension",
      "$value": "123px"
    },
    "documentation_max": {
      "$type": "dimension",
      "$value": "123px"
    },
    "support_min": {
      "$type": "dimension",
      "$value": "58px"
    },
    "support_max": {
      "$type": "dimension",
      "$value": "120px"
    }
  }
}