{
  "Headlines": {
    "Headline 10": {
      "$type": "typography",
      "$value": {
        "fontFamily": "Roboto",
        "fontSize": "24px",
        "fontWeight": 700,
        "letterSpacing": "0px",
        "lineHeight": "28px",
        "textTransform": "none",
        "textDecoration": "none"
      }
    },
    "Headline 20": {
      "$type": "typography",
      "$value": {
        "fontFamily": "VK Sans Display",
        "fontSize": "23px",
        "fontWeight": 600,
        "letterSpacing": "0px",
        "lineHeight": "28px",
        "textTransform": "none",
        "textDecoration": "none"
      }
    },
    "Headline 30": {
      "$type": "typography",
      "$value": {
        "fontFamily": "Roboto",
        "fontSize": "20px",
        "fontWeight": 500,
        "letterSpacing": "0px",
        "lineHeight": "24px",
        "textTransform": "none",
        "textDecoration": "none"
      }
    }
  },
  "Subheadlines": {
    "Subheadline 10": {
      "$type": "typography",
      "$value": {
        "fontFamily": "Roboto",
        "fontSize": "16px",
        "fontWeight": 500,
        "letterSpacing": "0.1px",
        "lineHeight": "20px",
        "textTransform": "none",
        "textDecoration": "none"
      }
    },
    "Subheadline 20": {
      "$type": "typography",
      "$value": {
        "fontFamily": "Roboto",
        "fontSize": "14px",
        "fontWeight": 500,
        "letterSpacing": "0.2px",
        "lineHeight": "18px",
        "textTransform": "none",
        "textDecoration": "none"
      }
    }
  },
  "Body": {
    "Body 10": {
      "$type": "typography",
      "$value": {
        "fontFamily": "Roboto",
        "fontSize": "16px",
        "fontWeight": 400,
        "letterSpacing": "0.1px",
        "lineHeight": "20px",
        "textTransform": "none",
        "textDecoration": "none"
      }
    },
    "Body 20": {
      "$type": "typography",
      "$value": {
        "fontFamily": "Roboto",
        "fontSize": "15px",
        "fontWeight": 400,
        "letterSpacing": "0.2px",
        "lineHeight": "20px",
        "textTransform": "none",
        "textDecoration": "none"
      }
    },
    "Body 30": {
      "$type": "typography",
      "$value": {
        "fontFamily": "Roboto",
        "fontSize": "14px",
        "fontWeight": 400,
        "letterSpacing": "0.2px",
        "lineHeight": "18px",
        "textTransform": "none",
        "textDecoration": "none"
      }
    },
    "Body Mono 20": {
      "$type": "typography",
      "$description": "Отображение кода или ключей на странице",
      "$value": {
        "fontFamily": "Roboto Mono",
        "fontSize": "15px",
        "fontWeight": 400,
        "letterSpacing": "0.2px",
        "lineHeight": "20px",
        "textTransform": "none",
        "textDecoration": "none"
      }
    }
  },
  "Footnotes": {
    "Footnote 10": {
      "$type": "typography",
      "$value": {
        "fontFamily": "Roboto",
        "fontSize": "13px",
        "fontWeight": 500,
        "letterSpacing": "0.2px",
        "lineHeight": "16px",
        "textTransform": "none",
        "textDecoration": "none"
      }
    },
    "Footnote 20": {
      "$type": "typography",
      "$value": {
        "fontFamily": "Roboto",
        "fontSize": "13px",
        "fontWeight": 400,
        "letterSpacing": "0.2px",
        "lineHeight": "16px",
        "textTransform": "none",
        "textDecoration": "none"
      }
    }
  },
  "Captions": {
    "Caption 10": {
      "$type": "typography",
      "$value": {
        "fontFamily": "Roboto",
        "fontSize": "12px",
        "fontWeight": 500,
        "letterSpacing": "0.2px",
        "lineHeight": "14px",
        "textTransform": "none",
        "textDecoration": "none"
      }
    },
    "Caption 20": {
      "$type": "typography",
      "$value": {
        "fontFamily": "Roboto",
        "fontSize": "12px",
        "fontWeight": 400,
        "letterSpacing": "0.2px",
        "lineHeight": "14px",
        "textTransform": "none",
        "textDecoration": "none"
      }
    },
    "Caption 30": {
      "$type": "typography",
      "$value": {
        "fontFamily": "Roboto",
        "fontSize": "11px",
        "fontWeight": 500,
        "letterSpacing": "0.3px",
        "lineHeight": "14px",
        "textTransform": "none",
        "textDecoration": "none"
      }
    },
    "Caption 40": {
      "$type": "typography",
      "$value": {
        "fontFamily": "Roboto",
        "fontSize": "9px",
        "fontWeight": 400,
        "letterSpacing": "0.3px",
        "lineHeight": "12px",
        "textTransform": "none",
        "textDecoration": "none"
      }
    }
  }
}