{
  "Название": {
    "$type": "string",
    "$value": "Почта Mail.ru: почтовый клиент"
  },
  "Категория": {
    "$type": "string",
    "$value": "Полезные инструменты"
  },
  "Паблишер": {
    "$type": "string",
    "$value": "VK"
  },
  "Рейтинг": {
    "$type": "string",
    "$value": "4,4"
  },
  "Возраст": {
    "$type": "string",
    "$value": "3+"
  },
  "Версия": {
    "$type": "string",
    "$value": "14.78.0.43300"
  },
  "Стоимость": {
    "$type": "string",
    "$value": "—"
  },
  "Последняя_публикация": {
    "$type": "string",
    "$value": "02.08.2023  14:30"
  },
  "Тип_устройства": {
    "$type": "string",
    "$value": "Телефон, Планшет"
  },
  "Изменено": {
    "$type": "string",
    "$value": "10.08.2023  11:48"
  }
}