{
  "Название": {
    "$type": "string",
    "$value": "Кошелёк: карты, кэшбэк, оплата"
  },
  "Категория": {
    "$type": "string",
    "$value": "Финансы"
  },
  "Паблишер": {
    "$type": "string",
    "$value": "ООО «Бесконтакт»"
  },
  "Рейтинг": {
    "$type": "string",
    "$value": "4,2"
  },
  "Возраст": {
    "$type": "string",
    "$value": "18+"
  },
  "Версия": {
    "$type": "string",
    "$value": "7.92.0-18914679"
  },
  "Стоимость": {
    "$type": "string",
    "$value": "—"
  },
  "Последняя_публикация": {
    "$type": "string",
    "$value": "28.07.2023  20:34"
  },
  "Тип_устройств": {
    "$type": "string",
    "$value": "Телефон"
  },
  "Изменено": {
    "$type": "string",
    "$value": "10.08.2023"
  }
}