{
  "Название": {
    "$type": "string",
    "$value": "Юла — сервис объявлений"
  },
  "Категория": {
    "$type": "string",
    "$value": "Объявления: квартиры, авто, работа"
  },
  "Паблишер": {
    "$type": "string",
    "$value": "VK"
  },
  "Рейтинг": {
    "$type": "string",
    "$value": "3,8"
  },
  "Возраст": {
    "$type": "string",
    "$value": "12+"
  },
  "Версия": {
    "$type": "string",
    "$value": "4.136 (077fd8143d)"
  },
  "Стоимость": {
    "$type": "string",
    "$value": "—"
  },
  "Последняя_публикация": {
    "$type": "string",
    "$value": "1.08.2023  12:24"
  },
  "Тип_устройства": {
    "$type": "string",
    "$value": "Телефон, Планшет"
  },
  "Изменено": {
    "$type": "string",
    "$value": "10.08.2023  9:15"
  }
}