{
  "Название": {
    "$type": "string",
    "$value": "VK Музыка"
  },
  "Категория": {
    "$type": "string",
    "$value": "Развлечения"
  },
  "Паблишер": {
    "$type": "string",
    "$value": "Вконтакте"
  },
  "Рейтинг": {
    "$type": "string",
    "$value": "4,4"
  },
  "Возраст": {
    "$type": "string",
    "$value": "12+"
  },
  "Версия": {
    "$type": "string",
    "$value": "6.1.233"
  },
  "Стоимость": {
    "$type": "string",
    "$value": "—"
  },
  "Последняя_публикация": {
    "$type": "string",
    "$value": "8.08.2023"
  },
  "Тип_устройств": {
    "$type": "string",
    "$value": "Телефон, Планшет"
  },
  "Изменено": {
    "$type": "string",
    "$value": "10.08.2023"
  }
}