{
  "Название": {
    "$type": "string",
    "$value": "Маруся — голосовой помощник"
  },
  "Категория": {
    "$type": "string",
    "$value": "Полезные инструменты"
  },
  "Паблишер": {
    "$type": "string",
    "$value": "VK"
  },
  "Рейтинг": {
    "$type": "string",
    "$value": "4,6"
  },
  "Возраст": {
    "$type": "string",
    "$value": "12+"
  },
  "Версия": {
    "$type": "string",
    "$value": "1.80.0"
  },
  "Стоимость": {
    "$type": "string",
    "$value": "—"
  },
  "Последняя_публикация": {
    "$type": "string",
    "$value": "07.07.2023  10:12"
  },
  "Тип_устройства": {
    "$type": "string",
    "$value": "Телефон"
  },
  "Изменено": {
    "$type": "string",
    "$value": "23.12.2023  12:24"
  }
}