{
  "Название": {
    "$type": "string",
    "$value": "OZON: Распродажио до 28 августа"
  },
  "Категория": {
    "$type": "string",
    "$value": "Покупки"
  },
  "Паблишер": {
    "$type": "string",
    "$value": "ООО \"Интернет Решения\""
  },
  "Рейтинг": {
    "$type": "string",
    "$value": "4,8"
  },
  "Возраст": {
    "$type": "string",
    "$value": "16+"
  },
  "Версия": {
    "$type": "string",
    "$value": "16.16.0"
  },
  "Стоимость": {
    "$type": "string",
    "$value": "—"
  },
  "Последняя_публикация": {
    "$type": "string",
    "$value": "8.08.2023"
  },
  "Тип_устройств": {
    "$type": "string",
    "$value": "Телефон"
  },
  "Изменено": {
    "$type": "string",
    "$value": "10.08.2023"
  }
}