{
  "Название": {
    "$type": "string",
    "$value": "Самокат・доставка продуктов・еды"
  },
  "Категория": {
    "$type": "string",
    "$value": "Еда и напитки"
  },
  "Паблишер": {
    "$type": "string",
    "$value": "ООО \"Умное пространство\""
  },
  "Рейтинг": {
    "$type": "string",
    "$value": "3,9"
  },
  "Возраст": {
    "$type": "string",
    "$value": "3+"
  },
  "Версия": {
    "$type": "string",
    "$value": "3.102.0"
  },
  "Стоимость": {
    "$type": "string",
    "$value": "—"
  },
  "Последняя_публикация": {
    "$type": "string",
    "$value": "3.08.2023  15:45"
  },
  "Тип_устройств": {
    "$type": "string",
    "$value": "Телефон"
  },
  "Изменено": {
    "$type": "string",
    "$value": "10.08.2023"
  }
}