{
  "Название": {
    "$type": "string",
    "$value": "ВКонтакте: музыка, видео, чаты"
  },
  "Категория": {
    "$type": "string",
    "$value": "Полезные инструменты"
  },
  "Паблишер": {
    "$type": "string",
    "$value": "VK"
  },
  "Рейтинг": {
    "$type": "string",
    "$value": "4,1"
  },
  "Возраст": {
    "$type": "string",
    "$value": "12+"
  },
  "Версия": {
    "$type": "string",
    "$value": "8.41.1"
  },
  "Стоимость": {
    "$type": "string",
    "$value": "—"
  },
  "Последняя_публикация": {
    "$type": "string",
    "$value": "07.08.2023  10:12"
  },
  "Тип_устройства": {
    "$type": "string",
    "$value": "Телефон, Планшет"
  },
  "Изменено": {
    "$type": "string",
    "$value": "10.08.2023  12:24"
  }
}